<?xml version="1.0" encoding="UTF-8"?>
<monster name="Creeper" nameDescription="a creeper" race="undead" experience="0" speed="0" manacost="0">
	<health now="9950" max="9950"/>
	<look typeex="11691"/>
	<targetchange interval="5000" chance="40"/>
	<strategy attack="100" defense="0"/>
	<flags>
		<flag summonable="0"/>
		<flag attackable="0"/>
		<flag hostile="1"/>
		<flag illusionable="0"/>
		<flag convinceable="0"/>
		<flag pushable="0"/>
		<flag canpushitems="0"/>
		<flag canpushcreatures="1"/>
		<flag staticattack="90"/>
		<flag targetdistance="1"/>
		<flag runonhealth="100"/>
		<flag hidehealth="1"/>
	</flags>
<attacks>
		<attack name="melee" interval="1000" skill="30" attack="120"/>
	</attacks>
	<defenses armor="1" defense="1"/>
	<immunities>
		<immunity physical="1"/>
		<immunity energy="1"/>
		<immunity fire="1"/>
		<immunity poison="1"/>
		<immunity ice="1"/>
		<immunity holy="1"/>
		<immunity death="1"/>
		<immunity lifedrain="1"/>
		<immunity manadrain="1"/>
		<immunity paralyze="1"/>
		<immunity drunk="1"/>
		<immunity outfit="1"/>
		<immunity invisible="1"/>
	</immunities>
	<loot>
		<item id="2148" countmax="20" chance="100000"/><!-- gold coin -->
	</loot>
</monster>
