﻿<?xml version="1.0" encoding="UTF-8"?>
<monster name="Durns" nameDescription="a durns" race="blood" experience="6000000" speed="260" manacost="0">
  <health now="42500" max="42500"/>
  <look type="247" corpse="6516"/>
  <targetchange interval="5000" chance="8"/>
  <strategy attack="100" defense="0"/>
  <flags>
    <flag summonable="0"/>
    <flag attackable="1"/>
    <flag hostile="1"/>
    <flag illusionable="1"/>
    <flag convinceable="0"/>
    <flag pushable="0"/>
    <flag canpushitems="1"/>
    <flag canpushcreatures="1"/>
    <flag targetdistance="1"/>
    <flag staticattack="90"/>
    <flag runonhealth="500"/>
  </flags>
  <attacks>
	<attack name="melee" interval="1500" min="-50" max="-800"/>
	<attack name="melee" interval="2000" chance="20" range="7" radius="4" target="0" min="-60" max="-450">
	<attribute key="areaEffect" value="poison"/>
	</attack>
	<attack name="poison" interval="3000" chance="17" length="4" spread="3" min="-200" max="-550">
	<attribute key="areaEffect" value="yellowbubble"/>
	</attack>
	<attack name="speed" interval="2000" chance="20" range="1" target="0" speedchange="-800" duration="30000">
	<attribute key="areaEffect" value="poison"/>
	</attack>
</attacks>
  <defenses armor="25" defense="25">
    <defense name="healing" interval="1000" chance="50" min="75" max="225">
      <attribute key="areaEffect" value="blueshimmer"/>
    </defense>
    <defense name="speed" interval="1000" chance="19" speedchange="400" duration="6000">
      <attribute key="areaEffect" value="redshimmer"/>
    </defense>
  </defenses>
  <elements>
	<element earthPercent="100"/>
	<element firePercent="40"/>
	<element icePercent="30"/>
	<element deathPercent="20"/>
	<element energyPercent="-10"/>
	<element holyPercent="-10"/>
  </elements>
  <immunities>
    <immunity paralyze="1"/>
    <immunity invisible="1"/>
		<immunity lifedrain="1"/>
  </immunities>
  <voices interval="3000" chance="30">
    <voice sentence="You are looking a bit feverish today!"/>
  </voices>
  <loot>
	<item id="2160" chance="100000" countmax="25"/>
  </loot>
</monster>
