﻿<?xml version="1.0" encoding="UTF-8"?>
<monster name="Groobala" nameDescription="a groobala" race="blood" experience="4000000" speed="270" manacost="0">
  <health now="20000" max="20000"/>
  <look type="236" corpse="6320"/>
  <targetchange interval="5000" chance="15"/>
  <strategy attack="100" defense="0"/>
  <flags>
    <flag summonable="0"/>
    <flag attackable="1"/>
    <flag hostile="1"/>
    <flag illusionable="1"/>
    <flag convinceable="0"/>
    <flag pushable="0"/>
    <flag canpushitems="1"/>
    <flag canpushcreatures="1"/>
    <flag targetdistance="1"/>
    <flag staticattack="90"/>
    <flag runonhealth="0"/>
  </flags>
  <attacks>
    <attack name="melee" interval="2000" min="-0" max="-1480"/>
    <attack name="physical" interval="1000" chance="15" range="7" min="-90" max="-505">
      <attribute key="shootEffect" value="smallstone"/>
    </attack>
  </attacks>
  <defenses armor="5" defense="5">
    <defense name="speed" interval="1000" chance="7" speedchange="380" duration="8000">
      <attribute key="areaEffect" value="redshimmer"/>
    </defense>
  </defenses>
  <elements>
	<element energyPercent="100"/>
	<element firePercent="45"/>
	<element physicalPercent="20"/>
	<element earthPercent="20"/>
	<element deathPercent="5"/>
	<element icePercent="-15"/>
	<element holyPercent="-10"/>
  </elements>
  <immunities>
    <immunity paralyze="1"/>
    <immunity invisible="1"/>
  </immunities>
  <voices interval="5000" chance="10">
    <voice sentence="Destructiooooon!"/>
    <voice sentence="It's a good day to destroy!"/>
  </voices>
  <loot>
	<item id="2160" countmax="15" chance1="100000" chancemax="0"/>

  </loot>
</monster>
