<?xml version="1.0" encoding="UTF-8"?>
<monster name="Muosur" nameDescription="a muosur" race="venom" experience="10000000" speed="300" manacost="0">
    <health now="100000" max="100000"/>
    <look type="299" corpse="8951"/>
    <targetchange interval="60000" chance="20"/>
    <strategy attack="100" defense="0"/>
    <flags>
      <flag summonable="0"/>
      <flag attackable="1"/>
      <flag hostile="1"/>
      <flag illusionable="0"/>
      <flag convinceable="0"/>
      <flag pushable="0"/>
      <flag canpushitems="1"/>
      <flag staticattack="15"/>
      <flag lightlevel="0"/>
      <flag lightcolor="0"/>
      <flag targetdistance="1"/>
      <flag runonhealth="1"/>
    </flags>
    <attacks>
      <attack name="melee" interval="2000" min="-20" max="-245" poison="50"/>
      <attack name="lifedrain" interval="2000" min="-90" max="-100" target="8">
		<attribute key="areaEffect" value="redshimmer"/>
	  </attack>
      <attack name="physical" interval="1000" chance="40" radius="2" target="0" min="-100" max="-375">
		<attribute key="shootEffect" value="smallearth"/>
	  </attack>
      <attack name="paralyze" interval="3000" chance="40" target="1">
		<attribute key="areaEffect" value="redshimmer"/>
	  </attack>
    </attacks>
	<defenses armor="1" defense="1">
      <defense name="speed" interval="10000" chance="40" speedchange="310" duration="20000">
		<attribute key="areaEffect" value="greenshimmer"/>
	  </defense>
	</defenses>
	<elements>
	  <element energyPercent="10"/>
	  <element earthPercent="-25"/>
	  <element icePercent="10"/>
	  <element holyPercent="10"/>
	  <element deathPercent="-20"/>
	  <element firePercent="-80"/>
	</elements>
    <immunities>
      <immunity paralyze="1"/>
      <immunity invisible="1"/>
    </immunities>
    <voices interval="2000" chance="5">
      <voice sentence="Tchhh!"/>
      <voice sentence="Slurp!"/>
    </voices>
	<loot>
      <item id="2160" countmax="50" chance1="100000" chancemax="0"/>
	</loot>
  <script>
      <event name="POI" />
  </script>
</monster>