<?xml version="1.0" encoding="UTF-8"?>
<monster name="Chasey" nameDescription="a chasey" race="undead" experience="5000000" speed="250" manacost="0">
	<health now="23500" max="23500"/>
	<look type="235" head="20" corpse="6348"/>
	<targetchange interval="5000" chance="8"/>
	<strategy attack="100" defense="0"/>
	<flags>
		<flag summonable="0"/>
		<flag attackable="1"/>
		<flag hostile="1"/>
		<flag illusionable="1"/>
		<flag convinceable="0"/>
		<flag pushable="0"/>
		<flag canpushitems="1"/>
		<flag canpushcreatures="1"/>
		<flag targetdistance="1"/>
		<flag staticattack="90"/>
		<flag runonhealth="0"/>
	</flags>
	<attacks>
		<attack name="melee" interval="2000" skill="50" attack="80" poison="20"/>
		<attack name="drunk" interval="2000" chance="14" range="7" radius="6" target="0">
			<attribute key="areaEffect" value="whitenote"/>
		</attack>
		<attack name="lifedrain" interval="2000" chance="22" range="7" target="3" min="-400" max="-550">
			<attribute key="areaEffect" value="redshimmer"/>
		</attack>	
		<attack name="manadrain" interval="2000" chance="10" range="7" min="-100" max="-500">
			<attribute key="areaEffect" value="redshimmer"/>
		</attack>
	</attacks>
	<defenses armor="25" defense="20">
		<defense name="healing" interval="2000" chance="15" min="450" max="550">
			<attribute key="areaEffect" value="blueshimmer"/>
		</defense>
		<defense name="speed" interval="2000" chance="11" speedchange="290" duration="5000">
			<attribute key="areaEffect" value="redshimmer"/>
		</defense>
	</defenses>
	<elements>
		<element physicalPercent="90"/>
		<element icePercent="1"/>
		<element firePercent="-8"/>
		<element energyPercent="-8"/>
	</elements>
	<immunities>
		<immunity paralyze="1"/>
		<immunity invisible="1"/>
		<immunity death="1"/>
		<immunity earth="1"/>
	</immunities>
	<voices interval="5000" chance="10">
		<voice sentence="Revenge ... is so ... sweet!"/>
		<voice sentence="Life...force! Feed me your... lifeforce!"/>
	</voices>
	<loot>
	    <item id="5944" chance="7100" /><!-- soul orb -->
	    <item id="6500" countmax="10" chance="6600" /><!-- demonic essence -->
	</loot>
	<script>
			<event name="POI" />
	</script>
</monster>
