<?xml version="1.0" encoding="UTF-8"?>
<monster name="Flaym" nameDescription="a flaym" race="undead" experience="7000000" speed="280" manacost="0">
	<health now="39000" max="39000"/>
	<look type="241" head="20" corpse="6344"/>
	<targetchange interval="5000" chance="8"/>
	<strategy attack="100" defense="0"/>
	<flags>
		<flag summonable="0"/>
		<flag attackable="1"/>
		<flag hostile="1"/>
		<flag illusionable="1"/>
		<flag convinceable="0"/>
		<flag pushable="0"/>
		<flag canpushitems="1"/>
		<flag canpushcreatures="1"/>
		<flag targetdistance="1"/>
		<flag staticattack="90"/>
		<flag runonhealth="400"/>
	</flags>
	<attacks>
		<attack name="melee" interval="2000" skill="90" attack="145"/>
		<attack name="death" interval="2000" chance="15" range="7" target="1" min="-450" max="-810">
			<attribute key="shootEffect" value="death"/>
			<attribute key="areaEffect" value="mortarea"/>
		</attack>	
		<attack name="drunk" interval="2000" chance="13" range="7">
			<attribute key="shootEffect" value="fire"/>
			<attribute key="areaEffect" value="fireattack"/>
		</attack>
	</attacks>
	<defenses armor="25" defense="20">
		<defense name="invisible" interval="2000" chance="12">
			<attribute key="areaEffect" value="blueshimmer"/>											
		</defense>	
		<defense name="healing" interval="2000" chance="25" min="345" max="445">
			<attribute key="areaEffect" value="blueshimmer"/>
		</defense>
	</defenses>
	<elements>
		<element earthPercent="20"/>
		<element icePercent="20"/>
		<element holyPercent="-10"/>
		<element firePercent="-10"/>
		<element energyPercent="-10"/>
		<element physicalPercent="75"/>
	</elements>
	<immunities>
		<immunity paralyze="1"/>
		<immunity death="1"/>
		<immunity invisible="1"/>
	</immunities>
	<voices interval="5000" chance="10">
		<voice sentence="Oh my, you forgot to put your pants on!"/>
		<voice sentence="Weeheeheeheehee!"/>
		<voice sentence="Its nothing but a dream!"/>
		<voice sentence="Give in!"/>
	</voices>
	<summons maxSummons="4">
		<summon name="Flaym Summon" interval="5000" chance="20" max="4"/>
	</summons>



</monster>
