﻿<?xml version="1.0" encoding="UTF-8"?>
<monster name="Yfrg" nameDescription="a yfrg" race="blood" experience="28000000" speed="200" manacost="0">
  <health now="70000" max="70000"/>
  <look type="116" head="20" body="30" legs="40" feet="50" corpse="6043"/>
  <targetchange interval="5000" chance="20"/>
  <strategy attack="100" defense="0"/>
  <flags>
    <flag summonable="0"/>
    <flag attackable="1"/>
    <flag hostile="1"/>
    <flag illusionable="0"/>
    <flag convinceable="0"/>
    <flag pushable="0"/>
    <flag canpushitems="1"/>
    <flag canpushcreatures="0"/>
    <flag targetdistance="1"/>
    <flag staticattack="90"/>
    <flag runonhealth="0"/>
  </flags>
  <attacks>
   	<attack name="melee" interval="2000" min="-900" max="-2200"/>
  </attacks>
  <defenses armor="8" defense="2">
    <defense name="speed" interval="1000" chance="7" speedchange="260" duration="3000">
      <attribute key="areaEffect" value="redshimmer"/>
    </defense>
  </defenses>
      <elements>
	<element holyPercent="10"/>
	<element energyPercent="5"/>
	<element icePercent="-40"/>
	<element deathPercent="-5"/>
  </elements>
   <immunities>
    <immunity physical="0"/>
    <immunity energy="0"/>
    <immunity fire="1"/>
    <immunity poison="0"/>
    <immunity lifedrain="0"/>
    <immunity paralyze="1"/>
    <immunity outfit="0"/>
    <immunity drunk="0"/>
    <immunity invisible="1"/>
  </immunities>
  <voices interval="5000" chance="10">
    <voice sentence="Hugah!"/>
    <voice sentence="Ungh! Ungh!"/>
    <voice sentence="Huaauaauaauaa!"/>
  </voices>
	<loot>
		<item id="2160" chance="100000" countmax="4" />  <!-- gold coin -->
		<item id="5883" chance="20000" countmax="1" />  <!-- appe fure -->
		<item id="4843" chance="5000" />  <!-- ape giant hair -->
	</loot>
</monster>
