<?xml version="1.0" encoding="UTF-8"?>
<monster name="Friusu" nameDescription="a friusu" race="blood" experience="3500000" speed="310" manacost="0">
	<health now="8000" max="8000"/>
	<look type="233" corpse="6316"/>
	<targetchange interval="5000" chance="8"/>
	<strategy attack="100" defense="0"/>
	<flags>
		<flag summonable="0"/>
		<flag attackable="1"/>
		<flag hostile="1"/>
		<flag illusionable="1"/>
		<flag convinceable="0"/>
		<flag pushable="0"/>
		<flag canpushitems="1"/>
		<flag canpushcreatures="1"/>
		<flag targetdistance="1"/>
		<flag staticattack="90"/>
		<flag runonhealth="250"/>
	</flags>
	<attacks>
		<attack name="melee" interval="2000" skill="80" attack="600"/>
		<attack name="poison" interval="2000" chance="15" length="8" spread="3" distance="-5">
			<attribute key="areaEffect" value="poison"/>
		</attack>
		<attack name="speed" interval="2000" chance="25" range="1" target="1" speedchange="-600" duration="3000">
			<attribute key="shootEffect" value="death"/>
			<attribute key="areaEffect" value="mortarea"/>
		</attack>
	</attacks>
	<defenses armor="2" defense="2">
		<defense name="healing" interval="2000" chance="20" min="100" max="240">
			<attribute key="areaEffect" value="blueshimmer"/>
		</defense>
		<defense name="invisible" interval="2000" chance="5">
			<attribute key="areaEffect" value="redshimmer"/>
		</defense>
		<defense name="speed" interval="2000" chance="12" speedchange="360" duration="5000">
			<attribute key="areaEffect" value="redshimmer"/>
		</defense>
	</defenses>
	<elements>
		<element holyPercent="-85"/>
		<element deathPercent="75"/>
	</elements>
	<immunities>
		<immunity lifedrain="1"/>
		<immunity paralyze="1"/>
		<immunity invisible="1"/>
		<immunity fire="1"/>
		<immunity earth="1"/>
		<immunity energy="1"/>
	</immunities>
	<voices interval="5000" chance="10">
		<voice sentence="Rrrah!"/>
		<voice sentence="Gnarr!"/>
		<voice sentence="Tcharrr!"/>
	</voices>
	<loot>
    <item id="2160" countmax="22" chance="44450" /><!-- gold coin -->
    <item id="5944" countmax="5" chance="12050" /><!-- soul orb -->
</loot>


















</monster>
