<?xml version="1.0" encoding="UTF-8"?>
<monster name="Vepialar" nameDescription="a vepialar" race="blood" experience="9000000" speed="280" manacost="0">
	<health now="50000" max="50000"/>
	<look type="234" corpse="6328"/>
	<targetchange interval="5000" chance="8"/>
	<strategy attack="100" defense="0"/>
	<flags>
		<flag summonable="0"/>
		<flag attackable="1"/>
		<flag hostile="1"/>
		<flag illusionable="1"/>
		<flag convinceable="0"/>
		<flag pushable="0"/>
		<flag canpushitems="1"/>
		<flag canpushcreatures="1"/>
		<flag targetdistance="1"/>
		<flag staticattack="90"/>
		<flag runonhealth="0"/>
	</flags>
	<attacks>
		<attack name="melee" interval="2000" skill="90" attack="400"/>
		<attack name="physical" interval="2000" chance="20" range="7" min="-0" max="-500">
			<attribute key="shootEffect" value="throwingknife"/>
		</attack>
		<attack name="poison" interval="2000" chance="20" range="7" length="8" target="3" shielding="-1">
			<attribute key="areaEffect" value="rednote"/>
		</attack>
	</attacks>
	<defenses armor="25" defense="35">
		<defense name="healing" interval="2000" chance="10" min="75" max="125">
			<attribute key="areaEffect" value="redshimmer"/>
		</defense>
	</defenses>
	<elements>
		<element earthPercent="90"/>
		<element energyPercent="30"/>
		<element deathPercent="10"/>
		<element icePercent="-10"/>
		<element holyPercent="-10"/>
	</elements>
	<immunities>
		<immunity invisible="1"/>
		<immunity fire="1"/>
	</immunities>
	<voices interval="3000" chance="10">
		<voice sentence="It's party time!"/>
		<voice sentence="Harrr, Harrr!"/>
	</voices>
	<loot>
	 <item id="2160" countmax="11" chance="36025" /><!-- gold coin -->
	 <item id="5944" countmax="3" chance="12150" /><!-- soul orb -->
	 <item id="6500" countmax="3" chance="7200" /><!-- demonic essence -->
</loot>


















</monster>