<?xml version="1.0" encoding="UTF-8"?>
<monster name="Sellah" nameDescription="a sellah" race="blood" experience="20000000" speed="215" manacost="0">
	<health now="40000" max="40000"/>
	<look type="129" head="95" body="116" legs="121" feet="115" addons="3" corpse="6080"/>
	<targetchange interval="5000" chance="8"/>
	<strategy attack="100" defense="0"/>
	<flags>
		<flag summonable="0"/>
		<flag attackable="1"/>
		<flag hostile="1"/>
		<flag illusionable="0"/>
		<flag convinceable="0"/>
		<flag pushable="0"/>
		<flag canpushitems="1"/>
		<flag canpushcreatures="0"/>
		<flag targetdistance="4"/>
		<flag staticattack="90"/>
		<flag runonhealth="10"/>
	</flags>
	<attacks>
		<attack name="melee" interval="2000" min="-0" max="-800"/>
		<attack name="physical" interval="1000" chance="50" range="7" min="-500" max="-1500">
			<attribute key="shootEffect" value="arrow"/>
		</attack>
	</attacks>
	<defenses armor="8" defense="10"/>
	<immunities>
	   <immunity fire="1"/>
		<immunity invisible="1"/>
		<immunity paralyze="1"/>
	</immunities>
	<elements>
		<element holyPercent="20"/>
		<element physicalPercent="-20"/>
	</elements>
	<voices interval="5000" chance="10">
		<voice sentence="Guess who we're hunting, haha!"/>
		<voice sentence="Guess who we are hunting!"/>
		<voice sentence="Bullseye!"/>
		<voice sentence="You'll make a nice trophy!"/>
	</voices>
	<loot>
		<item id="5875" chance="10000"/><!-- sniper gloves -->
		<item id="10562" chance="10000"/><!-- crossbow -->
	</loot>
</monster>
