<?xml version="1.0" encoding="UTF-8"?>
<spawns>
  <spawn centerx="39" centery="155" centerz="4" radius="1"/>
  <spawn centerx="102" centery="270" centerz="4" radius="5">
    <monster name="Isor" x="0" y="-1" z="4" spawntime="1000"/>
  </spawn>
  <spawn centerx="146" centery="13" centerz="5" radius="1"/>
  <spawn centerx="59" centery="47" centerz="5" radius="1">
    <npc name="KEL'AN" x="-1" y="0" z="5" spawntime="1000"/>
  </spawn>
  <spawn centerx="104" centery="108" centerz="5" radius="1">
    <npc name="TYLIAN" x="0" y="-1" z="5" spawntime="60"/>
  </spawn>
  <spawn centerx="163" centery="215" centerz="5" radius="1">
    <npc name="PIRATE" x="-1" y="0" z="5" spawntime="1000"/>
  </spawn>
  <spawn centerx="251" centery="24" centerz="6" radius="1">
    <npc name="POTIONS" x="-1" y="-1" z="6" spawntime="0"/>
  </spawn>
  <spawn centerx="150" centery="142" centerz="6" radius="1">
    <npc name="POTIONS" x="-1" y="-1" z="6" spawntime="0"/>
  </spawn>
  <spawn centerx="75" centery="183" centerz="6" radius="1">
    <npc name="NORSEMAN" x="-1" y="-1" z="6" spawntime="1000"/>
  </spawn>
  <spawn centerx="42" centery="184" centerz="6" radius="1">
    <npc name="MUSHROOM KNIFE" x="0" y="-1" z="6" spawntime="1000"/>
  </spawn>
  <spawn centerx="69" centery="255" centerz="6" radius="1">
    <monster name="Young creeper" x="-1" y="0" z="6" spawntime="1000"/>
    <monster name="Young creeper" x="1" y="0" z="6" spawntime="1000"/>
  </spawn>
  <spawn centerx="73" centery="255" centerz="6" radius="1">
    <monster name="Young creeper" x="-1" y="0" z="6" spawntime="1000"/>
    <monster name="Young creeper" x="1" y="0" z="6" spawntime="1000"/>
  </spawn>
  <spawn centerx="77" centery="255" centerz="6" radius="1">
    <monster name="Young creeper" x="-1" y="0" z="6" spawntime="1000"/>
    <monster name="Young creeper" x="1" y="0" z="6" spawntime="1000"/>
  </spawn>
  <spawn centerx="81" centery="255" centerz="6" radius="1">
    <monster name="Young creeper" x="-1" y="0" z="6" spawntime="1000"/>
    <monster name="Young creeper" x="1" y="0" z="6" spawntime="1000"/>
  </spawn>
  <spawn centerx="83" centery="255" centerz="6" radius="1">
    <monster name="Young creeper" x="1" y="0" z="6" spawntime="1000"/>
  </spawn>
  <spawn centerx="87" centery="255" centerz="6" radius="1">
    <monster name="Young creeper" x="-1" y="0" z="6" spawntime="1000"/>
    <monster name="Young creeper" x="1" y="0" z="6" spawntime="1000"/>
  </spawn>
  <spawn centerx="91" centery="255" centerz="6" radius="1">
    <monster name="Young creeper" x="-1" y="0" z="6" spawntime="1000"/>
    <monster name="Young creeper" x="1" y="0" z="6" spawntime="1000"/>
  </spawn>
  <spawn centerx="95" centery="255" centerz="6" radius="1">
    <monster name="Young creeper" x="-1" y="0" z="6" spawntime="1000"/>
    <monster name="Young creeper" x="1" y="0" z="6" spawntime="1000"/>
  </spawn>
  <spawn centerx="99" centery="255" centerz="6" radius="1">
    <monster name="Young creeper" x="-1" y="0" z="6" spawntime="1000"/>
    <monster name="Young creeper" x="1" y="0" z="6" spawntime="1000"/>
  </spawn>
  <spawn centerx="101" centery="255" centerz="6" radius="1">
    <monster name="Young creeper" x="1" y="0" z="6" spawntime="1000"/>
  </spawn>
  <spawn centerx="105" centery="255" centerz="6" radius="1">
    <monster name="Young creeper" x="-1" y="0" z="6" spawntime="1000"/>
    <monster name="Young creeper" x="1" y="0" z="6" spawntime="1000"/>
  </spawn>
  <spawn centerx="107" centery="255" centerz="6" radius="1">
    <monster name="Young creeper" x="1" y="0" z="6" spawntime="1000"/>
  </spawn>
  <spawn centerx="71" centery="262" centerz="6" radius="1">
    <monster name="Young creeper" x="-1" y="0" z="6" spawntime="1000"/>
    <monster name="Young creeper" x="1" y="0" z="6" spawntime="1000"/>
  </spawn>
  <spawn centerx="75" centery="262" centerz="6" radius="1">
    <monster name="Young creeper" x="-1" y="0" z="6" spawntime="1000"/>
    <monster name="Young creeper" x="1" y="0" z="6" spawntime="1000"/>
  </spawn>
  <spawn centerx="79" centery="262" centerz="6" radius="1">
    <monster name="Young creeper" x="-1" y="0" z="6" spawntime="1000"/>
    <monster name="Young creeper" x="1" y="0" z="6" spawntime="1000"/>
  </spawn>
  <spawn centerx="83" centery="262" centerz="6" radius="1">
    <monster name="Young creeper" x="-1" y="0" z="6" spawntime="1000"/>
    <monster name="Young creeper" x="1" y="0" z="6" spawntime="1000"/>
  </spawn>
  <spawn centerx="87" centery="262" centerz="6" radius="1">
    <monster name="Young creeper" x="-1" y="0" z="6" spawntime="3600"/>
  </spawn>
  <spawn centerx="71" centery="265" centerz="6" radius="1">
    <monster name="Young creeper" x="-1" y="0" z="6" spawntime="1000"/>
    <monster name="Young creeper" x="1" y="0" z="6" spawntime="1000"/>
  </spawn>
  <spawn centerx="75" centery="265" centerz="6" radius="1">
    <monster name="Young creeper" x="-1" y="0" z="6" spawntime="1000"/>
    <monster name="Young creeper" x="1" y="0" z="6" spawntime="1000"/>
  </spawn>
  <spawn centerx="79" centery="265" centerz="6" radius="1">
    <monster name="Young creeper" x="-1" y="0" z="6" spawntime="1000"/>
    <monster name="Young creeper" x="1" y="0" z="6" spawntime="1000"/>
  </spawn>
  <spawn centerx="83" centery="265" centerz="6" radius="1">
    <monster name="Young creeper" x="-1" y="0" z="6" spawntime="1000"/>
    <monster name="Young creeper" x="1" y="0" z="6" spawntime="1000"/>
  </spawn>
  <spawn centerx="87" centery="265" centerz="6" radius="1">
    <monster name="Young creeper" x="-1" y="0" z="6" spawntime="1000"/>
  </spawn>
  <spawn centerx="89" centery="33" centerz="7" radius="1">
    <npc name="GUL'AZEK" x="0" y="-1" z="7" spawntime="60"/>
  </spawn>
  <spawn centerx="250" centery="37" centerz="7" radius="10">
    <monster name="Elder Creepeer" x="-4" y="-3" z="7" spawntime="1000"/>
    <monster name="Elder Creeper" x="3" y="-3" z="7" spawntime="1000"/>
    <monster name="Elder Crepeer" x="-4" y="3" z="7" spawntime="1000"/>
    <monster name="Elder Creper" x="3" y="3" z="7" spawntime="1000"/>
  </spawn>
  <spawn centerx="136" centery="60" centerz="7" radius="1">
    <npc name="OUTFIT SYSTEM" x="-1" y="-1" z="7" spawntime="1000"/>
  </spawn>
  <spawn centerx="90" centery="68" centerz="7" radius="3">
    <monster name="Creeper" x="-1" y="1" z="7" spawntime="400"/>
    <monster name="Creepper" x="1" y="2" z="7" spawntime="400"/>
  </spawn>
  <spawn centerx="171" centery="69" centerz="7" radius="1">
    <monster name="Creepper" x="-1" y="0" z="7" spawntime="60"/>
  </spawn>
  <spawn centerx="43" centery="79" centerz="7" radius="1">
    <npc name="LUJACK" x="-1" y="1" z="7" spawntime="600"/>
  </spawn>
  <spawn centerx="200" centery="81" centerz="7" radius="1">
    <monster name="Creeper" x="1" y="0" z="7" spawntime="400"/>
  </spawn>
  <spawn centerx="208" centery="83" centerz="7" radius="1">
    <monster name="Creepper" x="1" y="-1" z="7" spawntime="100"/>
  </spawn>
  <spawn centerx="103" centery="88" centerz="7" radius="1">
    <monster name="Creeper" x="0" y="-1" z="7" spawntime="1000"/>
  </spawn>
  <spawn centerx="198" centery="88" centerz="7" radius="1">
    <monster name="Creepper" x="-1" y="0" z="7" spawntime="400"/>
  </spawn>
  <spawn centerx="207" centery="90" centerz="7" radius="1">
    <monster name="Creper" x="1" y="-1" z="7" spawntime="400"/>
  </spawn>
  <spawn centerx="218" centery="91" centerz="7" radius="1">
    <monster name="Creper" x="0" y="-1" z="7" spawntime="400"/>
  </spawn>
  <spawn centerx="188" centery="92" centerz="7" radius="1">
    <monster name="Creepper" x="-1" y="-1" z="7" spawntime="400"/>
    <monster name="Creeper" x="1" y="1" z="7" spawntime="400"/>
  </spawn>
  <spawn centerx="180" centery="95" centerz="7" radius="4">
    <monster name="Creper" x="0" y="-3" z="7" spawntime="400"/>
    <monster name="Creeper" x="2" y="2" z="7" spawntime="400"/>
  </spawn>
  <spawn centerx="199" centery="95" centerz="7" radius="1">
    <monster name="Creeper" x="-1" y="0" z="7" spawntime="100"/>
  </spawn>
  <spawn centerx="125" centery="98" centerz="7" radius="1">
    <monster name="Creper" x="-1" y="1" z="7" spawntime="1000"/>
  </spawn>
  <spawn centerx="133" centery="99" centerz="7" radius="1">
    <monster name="Creper" x="0" y="1" z="7" spawntime="1000"/>
  </spawn>
  <spawn centerx="76" centery="101" centerz="7" radius="1">
    <npc name="OUTFIT SYSTEM" x="-1" y="-1" z="7" spawntime="1000"/>
  </spawn>
  <spawn centerx="188" centery="108" centerz="7" radius="1">
    <monster name="Creepper" x="1" y="-1" z="7" spawntime="100"/>
  </spawn>
  <spawn centerx="70" centery="109" centerz="7" radius="1">
    <monster name="Creepper" x="1" y="0" z="7" spawntime="400"/>
  </spawn>
  <spawn centerx="213" centery="114" centerz="7" radius="1">
    <npc name="OUTFIT SYSTEM" x="1" y="-1" z="7" spawntime="1000"/>
  </spawn>
  <spawn centerx="71" centery="122" centerz="7" radius="1">
    <monster name="Creepper" x="1" y="1" z="7" spawntime="400"/>
  </spawn>
  <spawn centerx="57" centery="124" centerz="7" radius="1">
    <monster name="Creper" x="0" y="-1" z="7" spawntime="1000"/>
  </spawn>
  <spawn centerx="97" centery="124" centerz="7" radius="1">
    <monster name="Creepper" x="1" y="1" z="7" spawntime="400"/>
  </spawn>
  <spawn centerx="32" centery="126" centerz="7" radius="5"/>
  <spawn centerx="179" centery="126" centerz="7" radius="1">
    <npc name="WIZARD" x="-1" y="0" z="7" spawntime="1000"/>
  </spawn>
  <spawn centerx="246" centery="126" centerz="7" radius="1"/>
  <spawn centerx="114" centery="136" centerz="7" radius="1">
    <monster name="Creepper" x="1" y="1" z="7" spawntime="400"/>
  </spawn>
  <spawn centerx="223" centery="137" centerz="7" radius="1">
    <monster name="Creeper" x="0" y="-1" z="7" spawntime="1000"/>
  </spawn>
  <spawn centerx="58" centery="139" centerz="7" radius="1">
    <monster name="Creepper" x="1" y="1" z="7" spawntime="400"/>
  </spawn>
  <spawn centerx="150" centery="142" centerz="7" radius="1">
    <npc name="OUTFIT SYSTEM" x="-1" y="-1" z="7" spawntime="1000"/>
  </spawn>
  <spawn centerx="60" centery="143" centerz="7" radius="1">
    <monster name="Creepper" x="1" y="1" z="7" spawntime="400"/>
  </spawn>
  <spawn centerx="84" centery="143" centerz="7" radius="1">
    <monster name="Creepper" x="1" y="0" z="7" spawntime="400"/>
  </spawn>
  <spawn centerx="90" centery="149" centerz="7" radius="1">
    <monster name="Creepper" x="1" y="1" z="7" spawntime="400"/>
  </spawn>
  <spawn centerx="154" centery="152" centerz="7" radius="1">
    <npc name="BEGGAR" x="1" y="-1" z="7" spawntime="1000"/>
  </spawn>
  <spawn centerx="115" centery="155" centerz="7" radius="1">
    <monster name="Creepper" x="1" y="1" z="7" spawntime="400"/>
  </spawn>
  <spawn centerx="204" centery="159" centerz="7" radius="1">
    <monster name="Creepper" x="-1" y="1" z="7" spawntime="1000"/>
  </spawn>
  <spawn centerx="175" centery="165" centerz="7" radius="1">
    <monster name="Creepper" x="1" y="-1" z="7" spawntime="100"/>
  </spawn>
  <spawn centerx="138" centery="170" centerz="7" radius="1">
    <monster name="Creepper" x="1" y="0" z="7" spawntime="400"/>
  </spawn>
  <spawn centerx="125" centery="174" centerz="7" radius="1">
    <monster name="Creepper" x="0" y="1" z="7" spawntime="400"/>
  </spawn>
  <spawn centerx="175" centery="180" centerz="7" radius="1">
    <monster name="Creepper" x="1" y="-1" z="7" spawntime="100"/>
  </spawn>
  <spawn centerx="55" centery="183" centerz="7" radius="1">
    <npc name="BARBARIAN" x="-1" y="0" z="7" spawntime="1000"/>
  </spawn>
  <spawn centerx="41" centery="187" centerz="7" radius="1">
    <monster name="Husky" x="0" y="-1" z="7" spawntime="1000"/>
  </spawn>
  <spawn centerx="136" centery="191" centerz="7" radius="1">
    <monster name="Creepper" x="1" y="0" z="7" spawntime="400"/>
  </spawn>
  <spawn centerx="190" centery="193" centerz="7" radius="1">
    <npc name="OUTFIT SYSTEM" x="-1" y="-1" z="7" spawntime="1000"/>
  </spawn>
  <spawn centerx="72" centery="194" centerz="7" radius="1">
    <npc name="OUTFIT SYSTEM" x="-1" y="-1" z="7" spawntime="1000"/>
  </spawn>
  <spawn centerx="140" centery="202" centerz="7" radius="1">
    <monster name="Creepper" x="1" y="0" z="7" spawntime="400"/>
  </spawn>
  <spawn centerx="163" centery="239" centerz="7" radius="1">
    <npc name="ORIENTAL" x="0" y="-1" z="7" spawntime="1000"/>
  </spawn>
  <spawn centerx="45" centery="253" centerz="7" radius="1">
    <npc name="BASIC EQUIPMENT" x="0" y="-1" z="7" spawntime="100"/>
  </spawn>
  <spawn centerx="49" centery="253" centerz="7" radius="1">
    <npc name="HERO EQUIPMENT" x="0" y="-1" z="7" spawntime="100"/>
  </spawn>
  <spawn centerx="53" centery="253" centerz="7" radius="1">
    <npc name="WARLORD EQUIPMENT" x="0" y="-1" z="7" spawntime="100"/>
  </spawn>
  <spawn centerx="57" centery="253" centerz="7" radius="1">
    <npc name="RINGS" x="0" y="-1" z="7" spawntime="100"/>
  </spawn>
  <spawn centerx="69" centery="255" centerz="7" radius="1">
    <monster name="Young creeper" x="-1" y="0" z="7" spawntime="1000"/>
    <monster name="Young creeper" x="1" y="0" z="7" spawntime="1000"/>
  </spawn>
  <spawn centerx="73" centery="255" centerz="7" radius="1">
    <monster name="Young creeper" x="-1" y="0" z="7" spawntime="1000"/>
    <monster name="Young creeper" x="1" y="0" z="7" spawntime="1000"/>
  </spawn>
  <spawn centerx="77" centery="255" centerz="7" radius="1">
    <monster name="Young creeper" x="-1" y="0" z="7" spawntime="1000"/>
    <monster name="Young creeper" x="1" y="0" z="7" spawntime="1000"/>
  </spawn>
  <spawn centerx="81" centery="255" centerz="7" radius="1">
    <monster name="Young creeper" x="-1" y="0" z="7" spawntime="1000"/>
    <monster name="Young creeper" x="1" y="0" z="7" spawntime="1000"/>
  </spawn>
  <spawn centerx="83" centery="255" centerz="7" radius="1">
    <monster name="Young creeper" x="1" y="0" z="7" spawntime="1000"/>
  </spawn>
  <spawn centerx="87" centery="255" centerz="7" radius="1">
    <monster name="Young creeper" x="-1" y="0" z="7" spawntime="1000"/>
    <monster name="Young creeper" x="1" y="0" z="7" spawntime="1000"/>
  </spawn>
  <spawn centerx="91" centery="255" centerz="7" radius="1">
    <monster name="Young creeper" x="-1" y="0" z="7" spawntime="1000"/>
    <monster name="Young creeper" x="1" y="0" z="7" spawntime="1000"/>
  </spawn>
  <spawn centerx="95" centery="255" centerz="7" radius="1">
    <monster name="Young creeper" x="-1" y="0" z="7" spawntime="1000"/>
    <monster name="Young creeper" x="1" y="0" z="7" spawntime="1000"/>
  </spawn>
  <spawn centerx="99" centery="255" centerz="7" radius="1">
    <monster name="Young creeper" x="-1" y="0" z="7" spawntime="1000"/>
    <monster name="Young creeper" x="1" y="0" z="7" spawntime="1000"/>
  </spawn>
  <spawn centerx="101" centery="255" centerz="7" radius="1">
    <monster name="Young creeper" x="1" y="0" z="7" spawntime="1000"/>
  </spawn>
  <spawn centerx="105" centery="255" centerz="7" radius="1">
    <monster name="Young creeper" x="-1" y="0" z="7" spawntime="1000"/>
    <monster name="Young creeper" x="1" y="0" z="7" spawntime="1000"/>
  </spawn>
  <spawn centerx="107" centery="255" centerz="7" radius="1">
    <monster name="Young creeper" x="1" y="0" z="7" spawntime="1000"/>
  </spawn>
  <spawn centerx="41" centery="256" centerz="7" radius="1">
    <npc name="WEAPONS" x="-1" y="1" z="7" spawntime="100"/>
  </spawn>
  <spawn centerx="60" centery="257" centerz="7" radius="1">
    <npc name="MASTER ARCHER" x="1" y="0" z="7" spawntime="60"/>
  </spawn>
  <spawn centerx="71" centery="262" centerz="7" radius="1">
    <monster name="Young creeper" x="-1" y="0" z="7" spawntime="1000"/>
    <monster name="Young creeper" x="1" y="0" z="7" spawntime="1000"/>
  </spawn>
  <spawn centerx="75" centery="262" centerz="7" radius="1">
    <monster name="Young creeper" x="-1" y="0" z="7" spawntime="1000"/>
    <monster name="Young creeper" x="1" y="0" z="7" spawntime="1000"/>
  </spawn>
  <spawn centerx="79" centery="262" centerz="7" radius="1">
    <monster name="Young creeper" x="-1" y="0" z="7" spawntime="1000"/>
    <monster name="Young creeper" x="1" y="0" z="7" spawntime="1000"/>
  </spawn>
  <spawn centerx="83" centery="262" centerz="7" radius="1">
    <monster name="Young creeper" x="-1" y="0" z="7" spawntime="1000"/>
    <monster name="Young creeper" x="1" y="0" z="7" spawntime="1000"/>
  </spawn>
  <spawn centerx="87" centery="262" centerz="7" radius="1">
    <monster name="Young creeper" x="-1" y="0" z="7" spawntime="3600"/>
    <npc name="TRAINER PALADIN" x="1" y="0" z="7" spawntime="1000"/>
  </spawn>
  <spawn centerx="60" centery="265" centerz="7" radius="1">
    <npc name="AOL" x="1" y="0" z="7" spawntime="100"/>
  </spawn>
  <spawn centerx="71" centery="265" centerz="7" radius="1">
    <monster name="Young creeper" x="-1" y="0" z="7" spawntime="1000"/>
    <monster name="Young creeper" x="1" y="0" z="7" spawntime="1000"/>
  </spawn>
  <spawn centerx="75" centery="265" centerz="7" radius="1">
    <monster name="Young creeper" x="-1" y="0" z="7" spawntime="1000"/>
    <monster name="Young creeper" x="1" y="0" z="7" spawntime="1000"/>
  </spawn>
  <spawn centerx="79" centery="265" centerz="7" radius="1">
    <monster name="Young creeper" x="-1" y="0" z="7" spawntime="1000"/>
    <monster name="Young creeper" x="1" y="0" z="7" spawntime="1000"/>
  </spawn>
  <spawn centerx="83" centery="265" centerz="7" radius="1">
    <monster name="Young creeper" x="-1" y="0" z="7" spawntime="1000"/>
    <monster name="Young creeper" x="1" y="0" z="7" spawntime="1000"/>
  </spawn>
  <spawn centerx="87" centery="265" centerz="7" radius="1">
    <monster name="Young creeper" x="-1" y="0" z="7" spawntime="1000"/>
  </spawn>
  <spawn centerx="76" centery="268" centerz="7" radius="1">
    <npc name="TRAINER KNIGHT" x="-1" y="0" z="7" spawntime="1000"/>
  </spawn>
  <spawn centerx="90" centery="268" centerz="7" radius="1">
    <npc name="TRAINER MAGE" x="1" y="0" z="7" spawntime="1000"/>
  </spawn>
  <spawn centerx="52" centery="269" centerz="7" radius="1">
    <npc name="PROMOTION" x="0" y="1" z="7" spawntime="60"/>
  </spawn>
  <spawn centerx="56" centery="269" centerz="7" radius="1">
    <npc name="ADDONS" x="0" y="1" z="7" spawntime="1000"/>
  </spawn>
  <spawn centerx="88" centery="39" centerz="8" radius="1"/>
  <spawn centerx="146" centery="40" centerz="8" radius="1">
    <npc name="SHAMAN" x="-1" y="0" z="8" spawntime="1000"/>
  </spawn>
  <spawn centerx="68" centery="51" centerz="8" radius="1">
    <npc name="DRUID" x="0" y="-1" z="8" spawntime="1000"/>
  </spawn>
  <spawn centerx="159" centery="55" centerz="8" radius="1">
    <npc name="XIUHCOATL" x="1" y="-1" z="8" spawntime="60"/>
  </spawn>
  <spawn centerx="197" centery="81" centerz="8" radius="1">
    <npc name="ASSASSIN" x="-1" y="0" z="8" spawntime="1000"/>
  </spawn>
  <spawn centerx="219" centery="98" centerz="8" radius="1">
    <npc name="RICHTER" x="0" y="1" z="8" spawntime="60"/>
  </spawn>
  <spawn centerx="146" centery="103" centerz="8" radius="2">
    <monster name="Creeper" x="0" y="1" z="8" spawntime="100"/>
  </spawn>
  <spawn centerx="160" centery="105" centerz="8" radius="1">
    <monster name="Creeper" x="0" y="-1" z="8" spawntime="400"/>
  </spawn>
  <spawn centerx="70" centery="113" centerz="8" radius="3">
    <monster name="Creepper" x="0" y="-1" z="8" spawntime="400"/>
  </spawn>
  <spawn centerx="167" centery="117" centerz="8" radius="1">
    <monster name="Creepper" x="0" y="-1" z="8" spawntime="400"/>
  </spawn>
  <spawn centerx="138" centery="118" centerz="8" radius="2">
    <monster name="Creeper" x="-2" y="1" z="8" spawntime="100"/>
  </spawn>
  <spawn centerx="72" centery="123" centerz="8" radius="3">
    <monster name="Creeper" x="-2" y="-1" z="8" spawntime="400"/>
    <monster name="Creper" x="1" y="1" z="8" spawntime="400"/>
  </spawn>
  <spawn centerx="150" centery="130" centerz="8" radius="1">
    <monster name="Creeper" x="0" y="0" z="8" spawntime="400"/>
  </spawn>
  <spawn centerx="156" centery="131" centerz="8" radius="1">
    <monster name="Creepper" x="0" y="0" z="8" spawntime="400"/>
  </spawn>
  <spawn centerx="183" centery="133" centerz="8" radius="1">
    <npc name="PYLEMUS" x="0" y="-1" z="8" spawntime="60"/>
  </spawn>
  <spawn centerx="61" centery="134" centerz="8" radius="1">
    <npc name="DEMOR" x="-1" y="1" z="8" spawntime="1000"/>
  </spawn>
  <spawn centerx="151" centery="136" centerz="8" radius="4">
    <monster name="Creeper" x="2" y="0" z="8" spawntime="400"/>
    <monster name="Creeper" x="-2" y="2" z="8" spawntime="1000"/>
  </spawn>
  <spawn centerx="59" centery="181" centerz="8" radius="1">
    <npc name="SHUWAL" x="0" y="-1" z="8" spawntime="60"/>
  </spawn>
  <spawn centerx="209" centery="212" centerz="8" radius="1">
    <npc name="MARTHA" x="1" y="0" z="8" spawntime="60"/>
  </spawn>
  <spawn centerx="137" centery="295" centerz="8" radius="2">
    <monster name="Creeper" x="0" y="1" z="8" spawntime="100"/>
  </spawn>
  <spawn centerx="150" centery="297" centerz="8" radius="1">
    <monster name="Creeper" x="0" y="-1" z="8" spawntime="400"/>
  </spawn>
  <spawn centerx="129" centery="310" centerz="8" radius="2">
    <monster name="Creeper" x="-2" y="1" z="8" spawntime="100"/>
  </spawn>
  <spawn centerx="23" centery="50" centerz="9" radius="1"/>
  <spawn centerx="95" centery="72" centerz="9" radius="1">
    <npc name="ESSHOK" x="1" y="0" z="9" spawntime="1000"/>
  </spawn>
  <spawn centerx="101" centery="113" centerz="9" radius="1">
    <monster name="Creper" x="1" y="-1" z="9" spawntime="400"/>
  </spawn>
  <spawn centerx="138" centery="127" centerz="9" radius="4">
    <monster name="Horhai" x="-2" y="1" z="9" spawntime="30"/>
  </spawn>
  <spawn centerx="173" centery="128" centerz="9" radius="3">
    <monster name="Horhai" x="1" y="0" z="9" spawntime="30"/>
  </spawn>
  <spawn centerx="72" centery="132" centerz="9" radius="6">
    <monster name="Horhai" x="-1" y="2" z="9" spawntime="60"/>
  </spawn>
  <spawn centerx="92" centery="132" centerz="9" radius="4">
    <monster name="Horhai" x="0" y="3" z="9" spawntime="60"/>
  </spawn>
  <spawn centerx="107" centery="136" centerz="9" radius="4">
    <monster name="Horhai" x="3" y="-1" z="9" spawntime="60"/>
  </spawn>
  <spawn centerx="123" centery="138" centerz="9" radius="4">
    <monster name="Horhai" x="2" y="1" z="9" spawntime="60"/>
  </spawn>
  <spawn centerx="82" centery="141" centerz="9" radius="6">
    <monster name="Horhai" x="-2" y="-6" z="9" spawntime="60"/>
    <monster name="Horhai" x="2" y="2" z="9" spawntime="60"/>
  </spawn>
  <spawn centerx="134" centery="141" centerz="9" radius="4">
    <monster name="Horhai" x="1" y="1" z="9" spawntime="30"/>
  </spawn>
  <spawn centerx="32" centery="145" centerz="9" radius="1">
    <npc name="CUTHWIG" x="-1" y="0" z="9" spawntime="60"/>
  </spawn>
  <spawn centerx="71" centery="146" centerz="9" radius="6">
    <monster name="Horhai" x="-1" y="2" z="9" spawntime="60"/>
  </spawn>
  <spawn centerx="125" centery="151" centerz="9" radius="4">
    <monster name="Horhai" x="1" y="-3" z="9" spawntime="60"/>
  </spawn>
  <spawn centerx="169" centery="151" centerz="9" radius="4">
    <monster name="Horhai" x="-1" y="-1" z="9" spawntime="60"/>
  </spawn>
  <spawn centerx="144" centery="156" centerz="9" radius="4">
    <monster name="Horhai" x="-1" y="-1" z="9" spawntime="60"/>
  </spawn>
  <spawn centerx="108" centery="160" centerz="9" radius="6">
    <monster name="Horhai" x="0" y="4" z="9" spawntime="60"/>
  </spawn>
  <spawn centerx="83" centery="164" centerz="9" radius="6">
    <monster name="Horhai" x="3" y="-2" z="9" spawntime="60"/>
  </spawn>
  <spawn centerx="145" centery="172" centerz="9" radius="1">
    <monster name="Olitiau" x="-1" y="-1" z="9" spawntime="100"/>
    <monster name="Olitiau" x="1" y="0" z="9" spawntime="100"/>
  </spawn>
  <spawn centerx="97" centery="181" centerz="9" radius="6">
    <monster name="Horhai" x="1" y="-1" z="9" spawntime="60"/>
  </spawn>
  <spawn centerx="43" centery="189" centerz="9" radius="1"/>
  <spawn centerx="103" centery="199" centerz="9" radius="1">
    <monster name="Creeper" x="0" y="0" z="9" spawntime="400"/>
  </spawn>
  <spawn centerx="106" centery="200" centerz="9" radius="1">
    <monster name="Creeper" x="0" y="0" z="9" spawntime="400"/>
  </spawn>
  <spawn centerx="217" centery="203" centerz="9" radius="1"/>
  <spawn centerx="224" centery="53" centerz="10" radius="1"/>
  <spawn centerx="179" centery="125" centerz="10" radius="1">
    <monster name="Olitiau" x="1" y="1" z="10" spawntime="100"/>
  </spawn>
  <spawn centerx="125" centery="135" centerz="10" radius="1">
    <monster name="Elementalis" x="1" y="0" z="10" spawntime="1000"/>
  </spawn>
  <spawn centerx="204" centery="142" centerz="10" radius="1">
    <npc name="ARENA" x="1" y="0" z="10" spawntime="60"/>
  </spawn>
  <spawn centerx="124" centery="146" centerz="10" radius="1">
    <monster name="Elementalis" x="1" y="0" z="10" spawntime="1000"/>
  </spawn>
  <spawn centerx="239" centery="151" centerz="10" radius="1"/>
  <spawn centerx="69" centery="152" centerz="10" radius="1">
    <npc name="BALAN" x="0" y="-1" z="10" spawntime="60"/>
  </spawn>
  <spawn centerx="136" centery="157" centerz="10" radius="1">
    <monster name="Olitiau" x="-1" y="-1" z="10" spawntime="100"/>
  </spawn>
  <spawn centerx="161" centery="163" centerz="10" radius="1">
    <monster name="Olitiau" x="-1" y="-1" z="10" spawntime="100"/>
  </spawn>
  <spawn centerx="177" centery="168" centerz="10" radius="5">
    <monster name="Olitiau" x="-2" y="3" z="10" spawntime="100"/>
  </spawn>
  <spawn centerx="213" centery="172" centerz="10" radius="1"/>
  <spawn centerx="157" centery="178" centerz="10" radius="5">
    <monster name="Olitiau" x="5" y="-1" z="10" spawntime="100"/>
    <monster name="Olitiau" x="1" y="1" z="10" spawntime="100"/>
  </spawn>
  <spawn centerx="140" centery="184" centerz="10" radius="5">
    <monster name="Olitiau" x="-3" y="-3" z="10" spawntime="100"/>
    <monster name="Olitiau" x="2" y="3" z="10" spawntime="100"/>
  </spawn>
  <spawn centerx="141" centery="185" centerz="10" radius="5"/>
  <spawn centerx="143" centery="196" centerz="10" radius="8">
    <monster name="Death" x="-4" y="-1" z="10" spawntime="60"/>
    <monster name="Death" x="-8" y="1" z="10" spawntime="60"/>
    <monster name="Aurel" x="1" y="1" z="10" spawntime="400"/>
    <monster name="Death" x="6" y="1" z="10" spawntime="60"/>
    <monster name="Death" x="-3" y="3" z="10" spawntime="60"/>
    <monster name="Death" x="-2" y="3" z="10" spawntime="60"/>
    <monster name="Death" x="5" y="5" z="10" spawntime="60"/>
    <monster name="Charis" x="8" y="7" z="10" spawntime="400"/>
  </spawn>
  <spawn centerx="215" centery="202" centerz="10" radius="2">
    <monster name="Aateanun" x="-1" y="-2" z="10" spawntime="400"/>
    <monster name="Plualar" x="2" y="2" z="10" spawntime="400"/>
  </spawn>
  <spawn centerx="62" centery="204" centerz="10" radius="1"/>
  <spawn centerx="152" centery="205" centerz="10" radius="8">
    <monster name="Death" x="3" y="-7" z="10" spawntime="60"/>
    <monster name="Defi" x="2" y="-5" z="10" spawntime="400"/>
    <monster name="Death" x="2" y="-4" z="10" spawntime="60"/>
    <monster name="Death" x="8" y="-2" z="10" spawntime="60"/>
    <monster name="Death" x="2" y="-1" z="10" spawntime="60"/>
    <monster name="Death" x="-3" y="1" z="10" spawntime="60"/>
    <monster name="Lyte" x="-1" y="1" z="10" spawntime="400"/>
    <monster name="Gallo" x="3" y="1" z="10" spawntime="400"/>
    <monster name="Death" x="4" y="1" z="10" spawntime="60"/>
    <monster name="Perris" x="2" y="5" z="10" spawntime="400"/>
    <monster name="Death" x="5" y="8" z="10" spawntime="1000"/>
  </spawn>
  <spawn centerx="165" centery="206" centerz="10" radius="6">
    <monster name="Death" x="-4" y="-3" z="10" spawntime="60"/>
    <monster name="Death" x="-3" y="-3" z="10" spawntime="60"/>
    <monster name="Death" x="2" y="-3" z="10" spawntime="60"/>
    <monster name="Death" x="3" y="-3" z="10" spawntime="60"/>
    <monster name="Death" x="4" y="-3" z="10" spawntime="60"/>
    <monster name="Death" x="-4" y="2" z="10" spawntime="60"/>
    <monster name="Death" x="3" y="2" z="10" spawntime="60"/>
  </spawn>
  <spawn centerx="165" centery="217" centerz="10" radius="13">
    <monster name="Death" x="-1" y="-2" z="10" spawntime="60"/>
    <monster name="Death" x="7" y="0" z="10" spawntime="60"/>
    <monster name="Death" x="-4" y="4" z="10" spawntime="60"/>
    <monster name="Death" x="-3" y="4" z="10" spawntime="60"/>
    <monster name="Death" x="10" y="4" z="10" spawntime="1000"/>
    <monster name="Death" x="-8" y="5" z="10" spawntime="1000"/>
    <monster name="Blytheh" x="0" y="5" z="10" spawntime="400"/>
    <monster name="Death" x="0" y="7" z="10" spawntime="1000"/>
    <monster name="Death" x="6" y="7" z="10" spawntime="60"/>
    <monster name="Death" x="-6" y="8" z="10" spawntime="60"/>
    <monster name="Death" x="-4" y="8" z="10" spawntime="60"/>
  </spawn>
  <spawn centerx="216" centery="225" centerz="10" radius="4">
    <monster name="Smoke" x="-2" y="-2" z="10" spawntime="400"/>
    <monster name="Smoke" x="1" y="-2" z="10" spawntime="400"/>
    <monster name="Durns" x="2" y="-2" z="10" spawntime="400"/>
    <monster name="Traamono" x="-2" y="0" z="10" spawntime="400"/>
    <monster name="Smoke" x="-2" y="1" z="10" spawntime="400"/>
    <monster name="Smoke" x="1" y="1" z="10" spawntime="400"/>
  </spawn>
  <spawn centerx="188" centery="235" centerz="10" radius="1"/>
  <spawn centerx="156" centery="238" centerz="10" radius="7">
    <monster name="Aeran" x="4" y="3" z="10" spawntime="400"/>
    <monster name="Wand" x="-6" y="4" z="10" spawntime="400"/>
    <monster name="Wand" x="0" y="5" z="10" spawntime="400"/>
    <monster name="Wand" x="4" y="5" z="10" spawntime="400"/>
  </spawn>
  <spawn centerx="123" centery="80" centerz="11" radius="2"/>
  <spawn centerx="177" centery="200" centerz="11" radius="18">
    <monster name="Niod" x="0" y="-11" z="11" spawntime="400"/>
    <monster name="Dhaks" x="-16" y="-9" z="11" spawntime="400"/>
    <monster name="Kashuer" x="3" y="-3" z="11" spawntime="400"/>
    <monster name="Thac" x="-8" y="-2" z="11" spawntime="400"/>
    <monster name="Protre" x="-3" y="3" z="11" spawntime="400"/>
    <monster name="Friusu" x="5" y="6" z="11" spawntime="400"/>
    <monster name="Vepialar" x="15" y="7" z="11" spawntime="400"/>
  </spawn>
  <spawn centerx="215" centery="202" centerz="11" radius="2">
    <monster name="Groobala" x="2" y="-1" z="11" spawntime="400"/>
    <monster name="Afaedal" x="-1" y="1" z="11" spawntime="400"/>
  </spawn>
  <spawn centerx="135" centery="211" centerz="11" radius="13">
    <monster name="Plague" x="-2" y="-7" z="11" spawntime="60"/>
    <monster name="Plague" x="0" y="-7" z="11" spawntime="60"/>
    <monster name="Plague" x="-2" y="-6" z="11" spawntime="60"/>
    <monster name="Plague" x="0" y="-6" z="11" spawntime="60"/>
    <monster name="Plague" x="-2" y="-4" z="11" spawntime="60"/>
    <monster name="Plague" x="0" y="-4" z="11" spawntime="60"/>
    <monster name="Semugeumohr" x="-1" y="-2" z="11" spawntime="400"/>
    <monster name="Plague" x="-2" y="-1" z="11" spawntime="60"/>
    <monster name="Plague" x="-2" y="1" z="11" spawntime="60"/>
    <monster name="Plague" x="0" y="1" z="11" spawntime="60"/>
    <monster name="Gaemalaomohr" x="5" y="1" z="11" spawntime="400"/>
    <monster name="Plague" x="4" y="2" z="11" spawntime="60"/>
    <monster name="Plague" x="7" y="2" z="11" spawntime="60"/>
    <monster name="Plague" x="-4" y="4" z="11" spawntime="60"/>
    <monster name="Bruexahr" x="-3" y="4" z="11" spawntime="400"/>
    <monster name="Plague" x="1" y="4" z="11" spawntime="60"/>
    <monster name="Plague" x="4" y="5" z="11" spawntime="60"/>
    <monster name="Aimuiduhr" x="6" y="5" z="11" spawntime="400"/>
    <monster name="Plague" x="7" y="5" z="11" spawntime="60"/>
    <monster name="Plague" x="-4" y="8" z="11" spawntime="60"/>
    <monster name="Plague" x="1" y="8" z="11" spawntime="60"/>
    <monster name="Plague" x="4" y="8" z="11" spawntime="60"/>
  </spawn>
  <spawn centerx="151" centery="234" centerz="11" radius="5">
    <monster name="Wand" x="-2" y="-3" z="11" spawntime="400"/>
    <monster name="Wand" x="3" y="-3" z="11" spawntime="400"/>
    <monster name="Immor" x="-4" y="-2" z="11" spawntime="400"/>
    <monster name="Damia" x="3" y="-1" z="11" spawntime="400"/>
    <monster name="Flaym" x="-4" y="0" z="11" spawntime="400"/>
    <monster name="Wand" x="-2" y="2" z="11" spawntime="400"/>
    <monster name="Wand" x="3" y="2" z="11" spawntime="400"/>
  </spawn>
  <spawn centerx="167" centery="241" centerz="11" radius="5">
    <monster name="Wand" x="-2" y="-4" z="11" spawntime="400"/>
    <monster name="Wand" x="3" y="-4" z="11" spawntime="400"/>
    <monster name="Wand" x="-4" y="-3" z="11" spawntime="400"/>
    <monster name="Chasey" x="2" y="-2" z="11" spawntime="400"/>
    <monster name="Wand" x="3" y="0" z="11" spawntime="400"/>
    <monster name="Wand" x="-2" y="2" z="11" spawntime="400"/>
  </spawn>
  <spawn centerx="129" centery="76" centerz="12" radius="1">
    <monster name="Troll" x="1" y="0" z="12" spawntime="1000"/>
  </spawn>
  <spawn centerx="126" centery="81" centerz="12" radius="1">
    <monster name="Orc" x="1" y="0" z="12" spawntime="1000"/>
  </spawn>
  <spawn centerx="194" centery="207" centerz="12" radius="9">
    <monster name="Creper" x="4" y="-9" z="12" spawntime="400"/>
    <monster name="Creeper" x="-3" y="-8" z="12" spawntime="400"/>
    <monster name="Creeper" x="6" y="-8" z="12" spawntime="400"/>
    <monster name="Creepper" x="0" y="-6" z="12" spawntime="400"/>
    <monster name="Creepper" x="3" y="-5" z="12" spawntime="400"/>
    <monster name="Creepper" x="5" y="-4" z="12" spawntime="400"/>
    <monster name="Creper" x="-3" y="-1" z="12" spawntime="400"/>
    <monster name="Creeper" x="6" y="1" z="12" spawntime="400"/>
    <monster name="Creper" x="3" y="3" z="12" spawntime="400"/>
    <monster name="Creepper" x="8" y="3" z="12" spawntime="400"/>
    <monster name="Creepper" x="0" y="8" z="12" spawntime="400"/>
  </spawn>
  <spawn centerx="213" centery="212" centerz="12" radius="9">
    <monster name="Muosur" x="6" y="-6" z="12" spawntime="400"/>
    <monster name="Creeper" x="8" y="-6" z="12" spawntime="400"/>
    <monster name="Creepper" x="6" y="-5" z="12" spawntime="400"/>
    <monster name="Creepper" x="-7" y="-4" z="12" spawntime="400"/>
    <monster name="Creeper" x="8" y="-3" z="12" spawntime="1000"/>
    <monster name="Creeper" x="0" y="-2" z="12" spawntime="400"/>
    <monster name="Creper" x="7" y="-2" z="12" spawntime="400"/>
    <monster name="Creepper" x="6" y="-1" z="12" spawntime="400"/>
    <monster name="Creeper" x="7" y="-1" z="12" spawntime="400"/>
    <monster name="Creper" x="-1" y="0" z="12" spawntime="400"/>
    <monster name="Creeper" x="2" y="0" z="12" spawntime="400"/>
    <monster name="Creper" x="4" y="0" z="12" spawntime="400"/>
    <monster name="Elder Creeper" x="3" y="1" z="12" spawntime="1000"/>
    <monster name="Creepper" x="0" y="2" z="12" spawntime="400"/>
    <monster name="Creepper" x="3" y="2" z="12" spawntime="400"/>
    <monster name="Creeper" x="7" y="2" z="12" spawntime="400"/>
    <monster name="Creepper" x="-2" y="3" z="12" spawntime="400"/>
    <monster name="Creeper" x="2" y="3" z="12" spawntime="400"/>
    <monster name="Creper" x="-1" y="4" z="12" spawntime="400"/>
    <monster name="Elder Crepeer" x="5" y="4" z="12" spawntime="1000"/>
    <monster name="Creper" x="6" y="4" z="12" spawntime="400"/>
  </spawn>
  <spawn centerx="168" centery="237" centerz="12" radius="5">
    <monster name="Wand" x="-3" y="-4" z="12" spawntime="400"/>
    <monster name="Umbra" x="0" y="-2" z="12" spawntime="400"/>
    <monster name="Wand" x="-3" y="0" z="12" spawntime="400"/>
    <monster name="Ora" x="3" y="2" z="12" spawntime="400"/>
    <monster name="Wand" x="-1" y="3" z="12" spawntime="400"/>
    <monster name="Wand" x="5" y="4" z="12" spawntime="400"/>
  </spawn>
  <spawn centerx="208" centery="240" centerz="12" radius="1">
    <monster name="Tomb" x="1" y="-1" z="12" spawntime="1000"/>
  </spawn>
  <spawn centerx="228" centery="259" centerz="12" radius="1">
    <monster name="Thornsteap" x="1" y="1" z="12" spawntime="400"/>
  </spawn>
  <spawn centerx="175" centery="221" centerz="13" radius="15">
    <monster name="Elementalis" x="8" y="-4" z="13" spawntime="1000"/>
    <monster name="Sizzle" x="5" y="-3" z="13" spawntime="600"/>
    <monster name="Fleme" x="-3" y="-2" z="13" spawntime="400"/>
    <monster name="Elementalis" x="0" y="-2" z="13" spawntime="1000"/>
    <monster name="Cendis" x="14" y="0" z="13" spawntime="600"/>
    <monster name="Elementalis" x="15" y="0" z="13" spawntime="1000"/>
    <monster name="Flame" x="11" y="1" z="13" spawntime="400"/>
    <monster name="Elementalis" x="-8" y="3" z="13" spawntime="1000"/>
    <monster name="Fleme" x="-3" y="3" z="13" spawntime="400"/>
    <monster name="Fleme" x="-14" y="4" z="13" spawntime="400"/>
    <monster name="Flarion" x="-13" y="4" z="13" spawntime="600"/>
    <monster name="Fleme" x="-6" y="4" z="13" spawntime="400"/>
    <monster name="Elementalis" x="-13" y="8" z="13" spawntime="1000"/>
    <monster name="Elementalis" x="-6" y="8" z="13" spawntime="1000"/>
    <monster name="Fleme" x="-14" y="10" z="13" spawntime="400"/>
    <monster name="Fleme" x="-6" y="10" z="13" spawntime="400"/>
    <monster name="Lavar" x="-7" y="11" z="13" spawntime="600"/>
    <monster name="Flame" x="-12" y="12" z="13" spawntime="400"/>
    <monster name="Flame" x="-8" y="12" z="13" spawntime="400"/>
  </spawn>
  <spawn centerx="182" centery="225" centerz="14" radius="9">
    <monster name="Elementalis" x="-6" y="-3" z="14" spawntime="1000"/>
    <monster name="Spirit of Fire" x="-4" y="0" z="14" spawntime="600"/>
    <monster name="Elementalis" x="-1" y="0" z="14" spawntime="1000"/>
    <monster name="Spirit of Fire" x="2" y="0" z="14" spawntime="600"/>
    <monster name="Cole" x="-1" y="1" z="14" spawntime="600"/>
    <monster name="Elementalis" x="3" y="1" z="14" spawntime="1000"/>
  </spawn>
  <spawn centerx="194" centery="223" centerz="15" radius="19">
    <monster name="Fleme" x="0" y="-3" z="15" spawntime="400"/>
    <monster name="Elementalis" x="1" y="-3" z="15" spawntime="1000"/>
    <monster name="Flame" x="-7" y="-2" z="15" spawntime="400"/>
    <monster name="Flame" x="11" y="-2" z="15" spawntime="400"/>
    <monster name="Blaize" x="-15" y="-1" z="15" spawntime="600"/>
    <monster name="Flame" x="-14" y="-1" z="15" spawntime="400"/>
    <monster name="Spirit of Fire" x="12" y="-1" z="15" spawntime="400"/>
    <monster name="Elementalis" x="-14" y="0" z="15" spawntime="1000"/>
    <monster name="Spirit of Fire" x="-6" y="0" z="15" spawntime="600"/>
    <monster name="Elementalis" x="11" y="0" z="15" spawntime="1000"/>
    <monster name="Flame" x="-14" y="1" z="15" spawntime="400"/>
    <monster name="Flame" x="-7" y="1" z="15" spawntime="400"/>
    <monster name="Spirit of Fire" x="5" y="1" z="15" spawntime="600"/>
    <monster name="Elementalis" x="-3" y="2" z="15" spawntime="1000"/>
    <monster name="Flame" x="-6" y="3" z="15" spawntime="400"/>
    <monster name="Elementalis" x="12" y="4" z="15" spawntime="1000"/>
    <monster name="Elementalis" x="8" y="5" z="15" spawntime="1000"/>
    <monster name="Fleme" x="9" y="6" z="15" spawntime="400"/>
  </spawn>
</spawns>
