<?xml version="1.0" encoding="UTF-8"?>
  <monster name="Training dummy" nameDescription="a young creeper" race="venom" experience="0" speed="0" manacost="0">
    <health now="99994000" max="99994000"/>
	<look typeex="5788"/>
    <targetchange interval="60000" chance="0"/>
    <strategy attack="100" defense="0"/>
    <flags>
      <flag summonable="0"/>
      <flag attackable="1"/>
      <flag hostile="1"/>
      <flag illusionable="0"/>
      <flag convinceable="0"/>
      <flag pushable="0"/>
      <flag canpushitems="1"/>
      <flag staticattack="50"/>
      <flag lightlevel="0"/>
      <flag lightcolor="0"/>
      <flag targetdistance="1"/>
      <flag runonhealth="0"/>
    </flags>
    <attacks>
      <attack name="melee" interval="1000" min="-5" max="-50"/>
    </attacks>
    <defenses armor="0" defense="0">
      <defense name="healing" interval="10000" chance="100" min="999924000" max="999924000"/>
    </defenses>
    <immunities>
      <immunity physical="0"/>
      <immunity energy="0"/>
      <immunity fire="0"/>
      <immunity poison="0"/>
      <immunity lifedrain="0"/>
      <immunity paralyze="0"/>
      <immunity outfit="0"/>
      <immunity drunk="0"/>
      <immunity invisible="1"/>
    </immunities>
    <voices interval="2000" chance="5">
    </voices>
  </monster>
