<?xml version="1.0" encoding="UTF-8"?>
<monster name="Thall" nameDescription="a thall" race="blood" experience="72000000" speed="195" manacost="490">
	<health now="90000" max="90000"/>
	<look type="257" corpse="7330"/>
	<targetchange interval="2000" chance="5"/>
	<strategy attack="100" defense="0"/>
	<flags>
		<flag summonable="0"/>
		<flag attackable="1"/>
		<flag hostile="1"/>
		<flag illusionable="0"/>
		<flag convinceable="0"/>
		<flag pushable="0"/>
		<flag canpushitems="1"/>
		<flag staticattack="50"/>
		<flag lightlevel="0"/>
		<flag lightcolor="0"/>
		<flag targetdistance="1"/>
		<flag runonhealth="0"/>
	</flags>
	<attacks>
	   <attack name="melee" interval="3000" min="-900" max="-2100"/>
		<attack name="lifedrain" interval="3000" chance="10" length="7" spread="3" min="0" max="-750">
			<attribute key="areaEffect" value="poff"/>
		</attack>
		<attack name="speed" interval="2000" chance="11" length="7" spread="3" speedchange="-650">
			<attribute key="areaEffect" value="iceattack"/>
		</attack>
		<attack name="physical" interval="1000" chance="9" range="7" min="-500" max="-650">
			<attribute key="shootEffect" value="smallstone"/>
		</attack>
		<attack name="ice" interval="2000" chance="18" target="1" radius="4" min="0" max="-980">
			<attribute key="areaEffect" value="icearea"/>
			<attribute key="shootEffect" value="smallice"/>
		</attack>
		<attack name="ice" interval="2000" chance="1" radius="3" target="0" min="-100000" max="-100000">
			<attribute key="areaEffect" value="icetornado"/>
		</attack>
		<attack name="speed" interval="1000" chance="25" radius="6" target="0" speedchange="-900">
			<attribute key="areaEffect" value="poff"/>
		</attack>
	</attacks>
	<defenses armor="65" defense="65"/>
	<elements>
		<element icePercent="100"/>
	</elements>
		<immunities>
		<immunity ice="1"/>
		<immunity fire="1"/>
		<immunity earth="1"/>
		<immunity paralyze="1"/>
		<immunity lifedrain="1"/>
		<immunity invisible="1"/>
	</immunities>
	<voices interval="2000" chance="5">
		<voice sentence="Hmm Humansoup"/>
		<voice sentence="Stand still ya tasy snack!"/>
		<voice sentence="Joh Thun!"/>
		<voice sentence="Brore Smode!"/>
		<voice sentence="Horre Sjan Flan!"/>
		<voice sentence="Forle Bramma!"/>
	</voices>
	<loot>
		<item id="2160" countmax="30" chance="100000"/><!-- gold coin -->
		<item id="10575" chance="10000"/><!-- ham -->
		<item id="5887" chance="25000"/><!-- short sword -->
	</loot>
</monster>
