<?xml version="1.0" encoding="UTF-8"?>
<outfits>
	<!-- Female outfits -->
	<outfit type="0" looktype="136" name="Citizen" premium="no" unlocked="yes" enabled="yes" />
	<outfit type="0" looktype="137" name="Hunter" premium="no" unlocked="no" enabled="yes" />
	<outfit type="0" looktype="138" name="Mage" premium="no" unlocked="no" enabled="yes" />
	<outfit type="0" looktype="139" name="Knight" premium="no" unlocked="no" enabled="yes" />
	<outfit type="0" looktype="140" name="Noblewoman" premium="yes" unlocked="no" enabled="yes" />
	<outfit type="0" looktype="141" name="Summoner" premium="no" unlocked="no" enabled="yes" />
	<outfit type="0" looktype="142" name="Warrior" premium="no" unlocked="no" enabled="yes" />
	<outfit type="0" looktype="147" name="Barbarian" premium="no" unlocked="no" enabled="yes" />
	<outfit type="0" looktype="148" name="Druid" premium="no" unlocked="no" enabled="yes" />
	<outfit type="0" looktype="149" name="Wizard" premium="no" unlocked="no" enabled="yes" />
	<outfit type="0" looktype="150" name="Oriental" premium="no" unlocked="no" enabled="yes" />
	<outfit type="0" looktype="155" name="Pirate" premium="no" unlocked="no" enabled="yes" />
	<outfit type="0" looktype="156" name="Assassin" premium="no" unlocked="no" enabled="yes" />
	<outfit type="0" looktype="157" name="Beggar" premium="no" unlocked="no" enabled="yes" />
	<outfit type="0" looktype="158" name="Shaman" premium="no" unlocked="no" enabled="yes" />
	<outfit type="0" looktype="252" name="Norsewoman" premium="no" unlocked="no" enabled="yes" />
	<outfit type="0" looktype="269" name="Nightmare" premium="no" unlocked="no" enabled="yes" />
	<outfit type="0" looktype="270" name="Jester" premium="no" unlocked="no" enabled="yes" />
	<outfit type="0" looktype="279" name="Brotherhood" premium="no" unlocked="no" enabled="yes" />
	<outfit type="0" looktype="288" name="Demonhunter" premium="no" unlocked="no" enabled="yes" />
	<outfit type="0" looktype="324" name="Yalaharian" premium="no" unlocked="no" enabled="yes" />
	<outfit type="0" looktype="329" name="Wife" premium="no" unlocked="no" enabled="yes" />
	<outfit type="0" looktype="336" name="Warmaster" premium="no" unlocked="no" enabled="yes" />
	<outfit type="0" looktype="366" name="Wayfarer" premium="no" unlocked="no" enabled="yes" />

	<!-- Male outfits -->
	<outfit type="1" looktype="128" name="Citizen" premium="no" unlocked="yes" enabled="yes" />
	<outfit type="1" looktype="129" name="Hunter" premium="no" unlocked="no" enabled="yes" />
	<outfit type="1" looktype="130" name="Mage" premium="no" unlocked="no" enabled="yes" />
	<outfit type="1" looktype="131" name="Knight" premium="no" unlocked="no" enabled="yes" />
	<outfit type="1" looktype="132" name="Nobleman" premium="yes" unlocked="no" enabled="yes" />
	<outfit type="1" looktype="133" name="Summoner" premium="no" unlocked="no" enabled="yes" />
	<outfit type="1" looktype="134" name="Warrior" premium="no" unlocked="no" enabled="yes" />
	<outfit type="1" looktype="143" name="Barbarian" premium="no" unlocked="no" enabled="yes" />
	<outfit type="1" looktype="144" name="Druid" premium="no" unlocked="no" enabled="yes" />
	<outfit type="1" looktype="145" name="Wizard" premium="no" unlocked="no" enabled="yes" />
	<outfit type="1" looktype="146" name="Oriental" premium="no" unlocked="no" enabled="yes" />
	<outfit type="1" looktype="151" name="Pirate" premium="no" unlocked="no" enabled="yes" />
	<outfit type="1" looktype="152" name="Assassin" premium="no" unlocked="no" enabled="yes" />
	<outfit type="1" looktype="153" name="Beggar" premium="no" unlocked="no" enabled="yes" />
	<outfit type="1" looktype="154" name="Shaman" premium="no" unlocked="no" enabled="yes" />
	<outfit type="1" looktype="251" name="Norseman" premium="no" unlocked="no" enabled="yes" />
	<outfit type="1" looktype="268" name="Nightmare" premium="no" unlocked="no" enabled="yes" />
	<outfit type="1" looktype="273" name="Jester" premium="no" unlocked="no" enabled="yes" />
	<outfit type="1" looktype="278" name="Brotherhood" premium="no" unlocked="no" enabled="yes" />
	<outfit type="1" looktype="289" name="Demonhunter" premium="no" unlocked="no" enabled="yes" />
	<outfit type="1" looktype="325" name="Yalaharian" premium="no" unlocked="no" enabled="yes" />
	<outfit type="1" looktype="328" name="Husband" premium="no" unlocked="no" enabled="yes" />
	<outfit type="1" looktype="335" name="Warmaster" premium="no" unlocked="no" enabled="yes" />
	<outfit type="1" looktype="367" name="Wayfarer" premium="no" unlocked="no" enabled="yes" />
</outfits>
