<?xml version="1.0" encoding="UTF-8"?>
<monster name="Scaldor" nameDescription="a scaldor" race="blood" experience="30000000" speed="310" manacost="0">
	<health now="90500" max="90500"/>
	<look type="240" corpse="6332"/>
	<targetchange interval="5000" chance="8"/>
	<strategy attack="100" defense="0"/>
	<flags>
		<flag summonable="0"/>
		<flag attackable="1"/>
		<flag hostile="1"/>
		<flag illusionable="1"/>
		<flag convinceable="0"/>
		<flag pushable="0"/>
		<flag canpushitems="1"/>
		<flag canpushcreatures="1"/>
		<flag targetdistance="1"/>
		<flag staticattack="60"/>
		<flag runonhealth="0"/>
	</flags>
	<attacks>
		<attack name="melee" interval="2000" skill="70" attack="150"/>
		<attack name="lifedrain" interval="2000" chance="5" length="8" spread="3" min="-0" max="-1280">
			<attribute key="areaEffect" value="redshimmer"/>
		</attack>
		<attack name="physical" interval="2000" chance="20" range="7" min="-0" max="-700">
			<attribute key="shootEffect" value="suddendeath"/>
			<attribute key="areaEffect" value="mortarea"/>
		</attack>
		<attack name="fire" interval="2000" chance="25" length="8" spread="3" min="-0" max="-865">
			<attribute key="areaEffect" value="firearea"/>
		</attack>
		<attack name="earth" interval="2000" chance="15" lenth="8" spread="3" min="-0" max="-800">
			<attribute key="areaEffect" value="poison"/>
		</attack>
		<attack name="poison" interval="2000" chance="10" taget="1" range="7" min="-0" max="-750">
			<attribute key="shootEffect" value="poison"/>
			<attribute key="areaEffect" value="poison"/>
		</attack>
	</attacks>
	<defenses armor="25" defense="35"/>
	<elements>
		<element earthPercent="20"/>
		<element energyPercent="10"/>
		<element icePercent="-5"/>
		<element holyPercent="-5"/>
	</elements>
	<immunities>
		<immunity paralyze="1"/>
		<immunity fire="1"/>
		<immunity outfit="1"/>
		<immunity drunk="1"/>
		<immunity invisible="1"/>
	</immunities>
	<voices interval="5000" chance="10">
		<voice sentence="GROOOWL!"/>
		<voice sentence="GRRRRR!"/>
	</voices>
	<loot>
    <item id="2160" countmax="22" chance="22825" /><!-- concentrated demonic blood -->
    <item id="2160" countmax="22" chance="22800" /><!-- platinum coin -->
    <item id="2160" countmax="22" chance="40775" /><!-- gold coin -->
    <item id="6500" countmax="11" chance="19500" /><!-- demonic essence -->
    <item id="5944" chance="20550" /><!-- soul orb -->
</loot>
	<script>
			<event name="POI" />
	</script>
</monster>
