<?xml version="1.0" encoding="UTF-8"?>
<monster name="Sizzle" nameDescription="a sizzle" race="fire" experience="15000000" speed="260" manacost="0">
  <health now="33000" max="33000"/>
  <look type="243" corpse="6324"/>
  <targetchange interval="5000" chance="8"/>
  <strategy attack="100" defense="0"/>
  <flags>
    <flag summonable="0"/>
    <flag attackable="1"/>
    <flag hostile="1"/>
    <flag illusionable="1"/>
    <flag convinceable="0"/>
    <flag pushable="0"/>
    <flag canpushitems="1"/>
    <flag canpushcreatures="1"/>
    <flag targetdistance="1"/>
    <flag staticattack="90"/>
    <flag runonhealth="0"/>
  </flags>
  <attacks>
    <attack name="melee" interval="2000" min="-30" max="-720"/>
    <attack name="firefield" interval="3000" chance="30" range="7" radius="4" target="0">
      <attribute key="shootEffect" value="fire"/>
    </attack>
   <attack name="fire" interval="2000" chance="40" range="5" length="8" spread="3" min="-700" max="-1315">
      <attribute key="areaEffect" value="firearea"/>
    </attack>
    <attack name="melee" interval="1000" chance="25" range="7" radius="3" target="0" min="-150" max="-450">
      <attribute key="areaEffect" value="explosionarea"/>
    </attack>
  </attacks>
  <defenses armor="25" defense="25">
  </defenses>
  <elements>
	<element firePercent="100"/>
	<element energyPercent="40"/>
	<element physicalPercent="24"/>
	<element deathPercent="22"/>
	<element icePercent="-20"/>
  </elements>
  <immunities>
    <immunity paralyze="1"/>
    <immunity invisible="1"/>
  </immunities>
  <voices interval="5000" chance="10">
  </voices>
</monster>
