﻿<?xml version="1.0" encoding="UTF-8"?>
<monster name="Bhale" nameDescription="Bhale" race="blood" experience="65000000" speed="260" manacost="0">
	<health now="120000" max="120000"/>
	<look type="39" corpse="5984"/>
	<targetchange interval="5000" chance="10"/>
	<strategy attack="100" defense="0"/>
	<flags>
		<flag summonable="0"/>
		<flag attackable="1"/>
		<flag hostile="1"/>
		<flag illusionable="0"/>
		<flag convinceable="0"/>
		<flag pushable="0"/>
		<flag canpushitems="1"/>
		<flag canpushcreatures="1"/>
		<flag targetdistance="1"/>
		<flag staticattack="90"/>
		<flag runonhealth="0"/>
	</flags>
	<attacks>
		<attack name="melee" interval="2000" min="-1" max="-1920"/>
		<attack name="fire" interval="2000" chance="25" range="7" radius="4" target="1" min="-1000" max="-1200">
			<attribute key="shootEffect" value="fire"/>
			<attribute key="areaEffect" value="firearea"/>
		</attack>
		<attack name="firefield" interval="1000" chance="50" range="7" radius="4" target="5">
			<attribute key="shootEffect" value="fire"/>
		</attack>
		<attack name="fire" interval="3000" chance="15" length="8" spread="3" min="-8000" max="-25000">
			<attribute key="areaEffect" value="firearea"/>
		</attack>
	</attacks>
	<defenses armor="90" defense="90">
		<defense name="healing" interval="1000" chance="1" min="20000" max="40000">
			<attribute key="areaEffect" value="blueshimmer"/>
		</defense>
	</defenses>
	<elements>
		<element icePercent="-200"/>
		<element earthPercent="100"/>
	</elements>
	<immunities>
    <immunity physical="0"/>
    <immunity energy="0"/>
    <immunity fire="1"/>
    <immunity poison="1"/>
    <immunity lifedrain="1"/>
    <immunity paralyze="1"/>
    <immunity outfit="1"/>
    <immunity drunk="1"/>
    <immunity invisible="1"/>
	</immunities>
	<voices interval="5000" chance="10">
		<voice sentence="I WILL SET THE WORLD IN FIRE!" yell="1"/>
		<voice sentence="I WILL PROTECT MY BROOD!" yell="1"/>
	</voices>
	<loot>
		<item id="2160" countmax="80" chance="100000"/><!-- gold coin -->
		<item id="5888" countmax="1" chance="15000"/><!-- dragon ham -->
		<item id="10020" chance="1000000"/><!-- dragon claw -->
	</loot>
</monster>
