<?xml version="1.0" encoding="UTF-8"?>
<monster name="bernstein" nameDescription="a bernstein" race="energy" experience="0" speed="280" manacost="0">
	<health now="18000" max="18000"/>
	<look type="326" corpse="10005"/>
	<targetchange interval="5000" chance="8"/>
	<strategy attack="100" defense="0"/>
	<flags>
		<flag summonable="0"/>
		<flag attackable="1"/>
		<flag hostile="1"/>
		<flag illusionable="0"/>
		<flag convinceable="0"/>
		<flag pushable="0"/>
		<flag canpushitems="1"/>
		<flag canpushcreatures="1"/>
		<flag targetdistance="1"/>
		<flag staticattack="90"/>
		<flag runonhealth="0"/>
	</flags>
	<attacks>
		<attack name="melee" interval="2000" min="-0" max="-580"/>
		<attack name="energy" interval="1000" chance="7" range="7" min="-0" max="-1220">
			<attribute key="shootEffect" value="energy"/>
		</attack>
		<attack name="energy" interval="2000" chance="25" length="8" spread="0" min="-0" max="-580">
			<attribute key="areaEffect" value="energy"/>
		</attack>	
	</attacks>
	<defenses armor="40" defense="45">
		<defense name="speed" interval="1000" chance="7" speedchange="290" duration="4000">
			<attribute key="areaEffect" value="redshimmer"/>
		</defense>
		<defense name="healing" interval="1000" chance="25" min="200" max="400">
			<attribute key="areaEffect" value="blueshimmer"/>
		</defense>
	</defenses>
	<elements>
		<element earthPercent="50"/>
		<element holyPercent="30"/>
		<element firePercent="45"/>
		<element energyPercent="35"/>
		<element physicalPercent="40"/>
		<element icePercent="25"/>
		<element deathPercent="-50"/>
	</elements>
	<immunities>
		<immunity invisible="1"/>
		<immunity paralyze="1"/>
	</immunities>
	<voices interval="2500" chance="10">
		<voice sentence="Azerus barada nikto!"/>
		<voice sentence="Klonk klonk klonk"/>
		<voice sentence="Engaging Enemy!"/>
		<voice sentence="Threat level processed."/>
		<voice sentence="Charging weapon systems!"/>
		<voice sentence="Auto repair in progress."/>
		<voice sentence="The battle is joined!"/>
		<voice sentence="Termination initialized!"/>
		<voice sentence="Rrrtttarrrttarrrtta"/>		
	</voices>
</monster>
