<?xml version="1.0" encoding="UTF-8"?>
<monster name="Chuate" nameDescription="a chuate" race="blood" experience="0" speed="420" manacost="0">
<health now="7000" max="7000"/>
<look type="343" corpse="11278"/>
<targetchange interval="5000" chance="8"/>
<strategy attack="100" defense="0"/>
<flags>
<flag summonable="0"/>
<flag attackable="1"/>
<flag hostile="1"/>
<flag illusionable="1"/>
<flag convinceable="0"/>
<flag pushable="0"/>
<flag canpushitems="1"/>
<flag canpushcreatures="0"/>
<flag targetdistance="1"/>
<flag staticattack="90"/>
<flag runonhealth="150"/>
</flags>
<attacks>
<attack name="melee" interval="2000" skill="55" attack="80"/>
<attack name="poison" interval="2000" chance="12" range="7" radius="1" target="1" min="-220" max="-575">
<attribute key="shootEffect" value="poison"/>
<attribute key="areaEffect" value="poison"/>
</attack>
</attacks>
	<defenses armor="55" defense="55">
		<defense name="healing" interval="2000" chance="10" min="260" max="320">
			<attribute key="areaEffect" value="blueshimmer"/>
		</defense>
	</defenses>
<elements>
<element physicalPercent="5"/>
<element deathPercent="-25"/>
<element firePercent="45"/>
<element energyPercent="20"/>
<element icePercent="15"/>
</elements>
<immunities>
<immunity earth="1"/>
<immunity invisible="1"/>
</immunities>






</monster>