﻿<?xml version="1.0" encoding="UTF-8"?>
<monster name="moulde" nameDescription="a moulde" race="blood" experience="0" speed="268" manacost="0">
  <health now="8000" max="8000"/>
  <look type="73" head="20" body="30" legs="40" feet="50" corpse="6080"/>
  <targetchange interval="5000" chance="8"/>
  <strategy attack="100" defense="0"/>
  <flags>
    <flag summonable="0"/>
    <flag attackable="1"/>
    <flag hostile="1"/>
    <flag illusionable="0"/>
    <flag convinceable="0"/>
    <flag pushable="0"/>
    <flag canpushitems="1"/>
    <flag canpushcreatures="1"/>
    <flag targetdistance="1"/>
    <flag staticattack="90"/>
    <flag runonhealth="0"/>
  </flags>
  <attacks>
    <attack name="melee" interval="2000" skill="80" attack="75"/>
    <attack name="physical" interval="2000" chance="20" range="7" min="-20" max="-620">
      <attribute key="shootEffect" value="arrow"/>
    </attack>
  </attacks>
  <defenses armor="30" defense="20">
    <defense name="healing" interval="1000" chance="10" min="200" max="550">
      <attribute key="areaEffect" value="blueshimmer"/>
    </defense>
  </defenses>
  <elements>
  <element firePercent="30"/>
    <element physicalPercent="25"/>
	<element holyPercent="25"/>
	  <element deathPercent="-25"/>
	    <element earthPercent="50"/>
		  <element energyPercent="25"/>
		    <element icePercent="15"/>
			</elements>
  <immunities>
    <immunity paralyze="1"/>
    <immunity invisible="1"/>
  </immunities>
  <voices interval="5000" chance="10">
    <voice sentence="Let's have a fight!"/>
    <voice sentence="Welcome to my battleground."/>
    <voice sentence="Have you seen princess Lumelia?"/>
    <voice sentence="I will sing a tune at your grave."/>
  </voices>
</monster>
