<?xml version="1.0" encoding="UTF-8"?>
<monster name="Tina" nameDescription="a tina" race="blood" experience="0" speed="410" manacost="0">
  <health now="12000" max="12000"/>
  <look type="149" head="94" body="77" legs="96" feet="0" addons="3" corpse="6081"/>
  <targetchange interval="5000" chance="8"/>
  <strategy attack="100" defense="0"/>
  <flags>
    <flag summonable="0"/>
    <flag attackable="1"/>
    <flag hostile="1"/>
    <flag illusionable="1"/>
    <flag convinceable="0"/>
    <flag pushable="0"/>
    <flag canpushitems="1"/>
    <flag canpushcreatures="1"/>
    <flag targetdistance="1"/>
    <flag staticattack="90"/>
    <flag runonhealth="0"/>
  </flags>
  <attacks>
    <attack name="melee" interval="2000" skill="90" attack="95" fire="110"/>
    <attack name="death" interval="2000" chance="17" range="7" target="1" min="-120" max="-150">
		<attribute key="shootEffect" value="suddendeath"/>
	</attack>
	<attack name="melee" interval="2000" chance="10" radius="3" target="0" min="-115" max="-300">
		<attribute key="areaEffect" value="blackspark"/>
	</attack>
	<attack name="death" interval="1000" chance="12" length="8" spread="0" min="-300" max="-800">
		<attribute key="areaEffect" value="redspark"/>
	</attack>
	<attack name="physical" interval="3000" chance="15" range="7" radius="4" target="1" min="0" max="-495">
		<attribute key="shootEffect" value="fire"/>
      	<attribute key="areaEffect" value="redspark"/>
   	</attack>
    <attack name="fire" interval="2000" chance="18" length="7" spread="3" min="-170" max="-490">
      <attribute key="areaEffect" value="explosionarea"/>
    </attack>
  </attacks>
  <defenses armor="35" defense="35"/>
  <elements>
		<element physicalPercent="-15"/>
		<element energyPercent="-10"/>
		<element earthPercent="-8"/>
		<element icePercent="15"/>
		<element holyPercent="10"/>
		<element deathPercent="-50"/>
	</elements>              
  <immunities>
    <immunity physical="0"/>
    <immunity energy="0"/>
    <immunity fire="1"/>
    <immunity poison="0"/>
    <immunity lifedrain="1"/>
    <immunity paralyze="1"/>
    <immunity outfit="1"/>
    <immunity drunk="1"/>
    <immunity invisible="1"/>
  </immunities>
  <voices interval="3000" chance="10">
    <voice sentence="Fire hot!"/>
    <voice sentence="Ahhhhrrrrr"/>
    <voice sentence="Carnage!"/>
  </voices>
</monster>
