<?xml version="1.0" encoding="UTF-8"?>
<monster name="Vulug" nameDescription="a vulug" race="blood" experience="0" speed="290" manacost="0">
	<health now="5000" max="5000"/>
	<look type="2" corpse="6008"/>
	<targetchange interval="5000" chance="8"/>
	<strategy attack="100" defense="0"/>
	<flags>
		<flag summonable="0"/>
		<flag attackable="1"/>
		<flag hostile="1"/>
		<flag illusionable="0"/>
		<flag convinceable="0"/>
		<flag pushable="0"/>
		<flag canpushitems="1"/>
		<flag canpushcreatures="1"/>
		<flag targetdistance="1"/>
		<flag staticattack="90"/>
		<flag runonhealth="0"/>
	</flags>
	<attacks>
		<attack name="melee" interval="2000" skill="90" attack="50"/>
		<attack name="physical" interval="2000" chance="15" range="7" max="-400">
			<attribute key="shootEffect" value="throwingstar"/>
		</attack>
	</attacks>
	<defenses armor="32" defense="45">
		<defense name="invisible" interval="2000" chance="10">
			<attribute key="areaEffect" value="blueshimmer"/>
		</defense>
	</defenses>
	<elements>
		<element firePercent="80"/>
		<element energyPercent="20"/>
		<element holyPercent="10"/>
		<element earthPercent="-10"/>
		<element deathPercent="-25"/>
	</elements>
	<immunities>
		<immunity invisible="1"/>
	</immunities>
	<voices interval="5000" chance="10">
		<voice sentence="Ranat Ulderek!"/>
		<voice sentence="Orc buta bana!"/>
		<voice sentence="Ikem rambo zambo!"/>
		<voice sentence="Futchi maruk buta!"/>
	</voices>








</monster>
