<?xml version="1.0" encoding="UTF-8"?>
<creaturescripts>
	<event type="login" name="PlayerLogin" script="login.lua" />
	<event type="logout" name="PlayerLogout" script="logout.lua" />
	<!-- <event type="login" name="FirstItems" script="firstitems.lua" /> -->
	<event type="login" name="OfflineTraining" script="offlinetraining.lua" />
	<event type="login" name="RegenerateStamina" script="regeneratestamina.lua" />
	<event type="death" name="PlayerDeath" script="playerdeath.lua" />
	<event type="death" name="DropLoot" script="droploot.lua" />
	<event type="extendedopcode" name="ExtendedOpcode" script="extendedopcode.lua" />
	<!-- Enitysoft -->
	<event type="move" name="CheckTile" script="Enitysoft/walkSpeed.lua" />
	<event type="kill" name="PirateReward" script="Enitysoft/pirateReward.lua" />
	<event type="healthchange" name="Resists" script="Enitysoft/resists.lua" />
	<event type="healthchange" name="WarriorAbsorb" script="Enitysoft/warriorAbsorb.lua" />
	<event type="kill" name="OutfitFrags" script="Enitysoft/outfitFrags.lua" />
	<event type="kill" name="FragTasks" script="Enitysoft/fragTasks.lua" />
	<event type="death" name="BossTasks" script="Enitysoft/bossTasks.lua" />
	<event type="login" name="WarLogin" script="Enitysoft/warLogin.lua" />
	<event type="death" name="POI" script="Enitysoft/POI.lua" />
	<event type="death" name="fragReward" script="Enitysoft/fragReward.lua" />	
	<event type="death" name="rankingSystem" script="Enitysoft/rankingSystem.lua" />
	<event type="death" name="Durak" script="Enitysoft/durak.lua" />
	<event type="kill" name="fragsWebsite" script="Enitysoft/fragsWebsite.lua" />
	<event type="kill" name="lordsWebsite" script="Enitysoft/lordsWebsite.lua" />
	<event type="login" name="antyMC" script="Enitysoft/antyMC.lua"/>
</creaturescripts>