<?xml version="1.0" encoding="UTF-8"?>
<monster name="Archemont" nameDescription="archemont" race="blood" experience="33000000" speed="240" manacost="0">
	<health now="35000" max="35000"/>
	<look type="209" corpse="6080"/>
	<targetchange interval="5000" chance="8"/>
	<strategy attack="100" defense="0"/>
	<flags>
		<flag summonable="0"/>
		<flag attackable="1"/>
		<flag hostile="1"/>
		<flag illusionable="0"/>
		<flag convinceable="0"/>
		<flag pushable="0"/>
		<flag canpushitems="1"/>
		<flag canpushcreatures="1"/>
		<flag targetdistance="4"/>
		<flag staticattack="90"/>
		<flag runonhealth="0"/>
	</flags>
	<attacks>
	    <attack name="melee" interval="2000" min="-300" max="-600"/>
		<attack name="lifedrain" interval="1000" chance="30" range="1" min="-700" max="-1400">
			<attribute key="areaEffect" value="redspark"/>
		</attack>
		
		<attack name="death" interval="2000" chance="100" range="7" min="-0" max="-350">
			<attribute key="shootEffect" value="suddendeath"/>
		</attack>
		
		<attack name="poison" interval="1000" chance="30" range="7" min="-500" max="-840">
			<attribute key="shootEffect" value="poison"/>
			<attribute key="areaEffect" value="poison"/>
		</attack>
	</attacks>
	<defenses armor="25" defense="25">
		<defense name="healing" interval="1000" chance="25" min="500" max="900">
			<attribute key="areaEffect" value="blueshimmer"/>
		</defense>
	</defenses>
	<immunities>
		<immunity physical="0"/>
		<immunity energy="0"/>
		<immunity fire="1"/>
		<immunity poison="1"/>
		<immunity lifedrain="1"/>
	    <immunity paralyze="1"/>
		<immunity outfit="1"/>
		<immunity drunk="1"/>
		<immunity invisible="1"/>
	</immunities>
	<voices interval="5000" chance="10">
		<voice sentence="You will rise as my servant!"/>
		<voice sentence="Praise to my master Urgith!"/>
	</voices>
	<loot>
		<item id="2160" countmax="40" chance="100000"/><!-- gold coin -->
		<item id="5934" chance="8000"/><!-- witch broom -->
		<item id="5809" chance="8000"/><!-- soul stone -->
	</loot>
</monster>
