<?xml version="1.0" encoding="UTF-8"?>
<monster name="Beshata" nameDescription="Beshata" race="blood" experience="55000000" speed="240" manacost="0">
  <health now="200000" max="200000"/>
  <look type="208" head="20" body="30" legs="40" feet="50" corpse="5977"/>
  <targetchange interval="5000" chance="8"/>
  <strategy attack="100" defense="0"/>
  <flags>
    <flag summonable="0"/>
    <flag attackable="1"/>
    <flag hostile="1"/>
    <flag illusionable="0"/>
    <flag convinceable="0"/>
    <flag pushable="0"/>
    <flag canpushitems="1"/>
    <flag canpushcreatures="1"/>
    <flag targetdistance="1"/>
    <flag staticattack="90"/>
    <flag runonhealth="0"/>
  </flags>
  <attacks>
    <attack name="melee" interval="2000" min="-900" max="-1500"/>
    <attack name="poison" interval="1000" chance="15" range="7" min="-500" max="-1000">
      <attribute key="shootEffect" value="poison"/>
      <attribute key="areaEffect" value="poison"/>
    </attack>
    <attack name="speed" interval="1000" chance="20" range="7" speedchange="-850" duration="25000">
      <attribute key="shootEffect" value="poison"/>
      <attribute key="areaEffect" value="poison"/>
    </attack>
    <attack name="poisonfield" interval="1000" chance="10" range="7" radius="4" target="1">
      <attribute key="shootEffect" value="poison"/>
    </attack>
  </attacks>
  <defenses armor="2" defense="2">
    <defense name="healing" interval="1000" chance="4" min="500" max="1000">
      <attribute key="areaEffect" value="blueshimmer"/>
    </defense>
    <defense name="speed" interval="1000" chance="8" speedchange="555" duration="6000">
      <attribute key="areaEffect" value="redshimmer"/>
    </defense>
  </defenses>
  <immunities>
    <immunity physical="0"/>
    <immunity energy="0"/>
    <immunity fire="1"/>
    <immunity poison="1"/>
    <immunity lifedrain="1"/>
    <immunity paralyze="1"/>
    <immunity outfit="1"/>
    <immunity drunk="1"/>
    <immunity invisible="1"/>
  </immunities>
  <loot>
    <item id="2160" countmax="70" chance1="100000" chancemax="0"/>
	<item id="5887" chance1="15000"/>
    <item id="8859" chance1="5000"/>
  </loot>
</monster>