<?xml version="1.0" encoding="UTF-8"?>
<monster name="Minion of Durak" nameDescription="Minion of Durak" race="blood" experience="5700" speed="270" manacost="0">
	<health now="9400" max="9400" />
	<look type="220" corpse="6061" />
	<targetchange interval="5000" chance="8" />
	<flags>
		<flag summonable="0" />
		<flag attackable="1" />
		<flag hostile="1" />
		<flag illusionable="0" />
		<flag convinceable="0" />
		<flag pushable="0" />
		<flag canpushitems="1" />
		<flag canpushcreatures="1" />
		<flag targetdistance="1" />
		<flag staticattack="90" />
		<flag runonhealth="0" />
	</flags>
	<attacks>
		<attack name="melee" interval="2000" skill="90" attack="90" />
		<attack name="earth" interval="1800" chance="10" length="7" spread="0" min="-300" max="-685">
			<attribute key="areaEffect" value="stones" />
		</attack>
		<attack name="earth" interval="2000" chance="9" radius="6" min="-250" max="-590">
			<attribute key="areaEffect" value="bigplants" />
		</attack>
	</attacks>
	<defenses armor="55" defense="55">
	</defenses>
	<elements>
		<element icePercent="-10" />
	</elements>
	<immunities>
		<immunity earth="1" />
		<immunity energy="1" />
		<immunity lifedrain="1" />
	    <immunity fire="1" />
		<immunity paralyze="1" />
		<immunity invisible="1" />
	</immunities>
	<voices interval="5000" chance="10">
		<voice sentence="Shhhhsss!" />
	</voices>
</monster>