<?xml version="1.0" encoding="UTF-8"?>
<talkactions>
	<!-- commands -->
	<talkaction words="/ban" separator=" " script="ban.lua" />
	<talkaction words="/ipban" separator=" " script="ipban.lua" />
	<talkaction words="/unban" separator=" " script="unban.lua" />
	<talkaction words="/up" script="up.lua" />
	<talkaction words="/down" script="down.lua" />
	<talkaction words="/c" separator=" " script="teleport_creature_here.lua" />
	<talkaction words="/goto" separator=" " script="teleport_to_creature.lua" />
	<talkaction words="/gotopos" separator=" " script="teleport_to_pos.lua" />
	<talkaction words="/owner" separator=" " script="owner.lua" />
	<talkaction words="/t" script="teleport_home.lua" />
	<talkaction words="/town" separator=" " script="teleport_to_town.lua" />
	<talkaction words="/a" separator=" " script="teleport_ntiles.lua" />
	<talkaction words="/pos" separator=" " script="position.lua" />
	<talkaction words="/info" separator=" " script="info.lua" />
	<talkaction words="/r" separator=" " script="removething.lua" />
	<talkaction words="/kick" separator=" " script="kick.lua" />
	<talkaction words="/openserver" script="openserver.lua" />
	<talkaction words="/closeserver" separator=" " script="closeserver.lua" />
	<talkaction words="/B" separator=" " script="broadcast.lua" />
	<talkaction words="/m" separator=" " script="place_monster.lua" />
	<talkaction words="/i" separator=" " script="create_item.lua" />
	<talkaction words="/s" separator=" " script="place_npc.lua" />
	<talkaction words="/addtutor" separator=" " script="add_tutor.lua" />
	<talkaction words="/removetutor" separator=" " script="remove_tutor.lua" />
	<talkaction words="/looktype" separator=" " script="looktype.lua" />
	<talkaction words="/summon" separator=" " script="place_summon.lua" />
	<talkaction words="/chameleon" separator=" " script="chameleon.lua" />
	<talkaction words="/addskill" separator=" " script="add_skill.lua" />
	<talkaction words="/mccheck" script="mccheck.lua" />
	<talkaction words="/ghost" script="ghost.lua" />
	<talkaction words="/clean" script="clean.lua" />
	<talkaction words="/hide" script="hide.lua" />
	<talkaction words="/save" script="save.lua" />

	<!-- player talkactions -->
	<talkaction words="!buyhouse" script="buyhouse.lua" />
	<talkaction words="!leavehouse" script="leavehouse.lua" />
	<talkaction words="!uptime" script="uptime.lua" />
	<talkaction words="!online" script="online.lua" />

	<!-- test talkactions -->
	<talkaction words="/z" separator=" " script="magiceffect.lua" />
	<talkaction words="/x" separator=" " script="animationeffect.lua" />

	<!-- Enitysoft -->
	<talkaction words="!o" separator=" " script="Enitysoft/outfit.lua" />
    <talkaction words="/getstorage" separator=" " script="Enitysoft/get_storage.lua" />
    <talkaction words="/setstorage" separator=" " script="Enitysoft/set_storage.lua" />
    <talkaction words="!t" separator=" " script="Enitysoft/templeTP.lua" />
    <talkaction words="!train" separator=" " script="Enitysoft/training_continue.lua"/>
	<talkaction words="!promotion" script="Enitysoft/promotion.lua"/>
	<talkaction words="!aol" script="Enitysoft/aol.lua"/>
	<talkaction words="!bp" script="Enitysoft/bp.lua"/>
	<talkaction words="/tpall" script="Enitysoft/tpAll.lua"/>
	<talkaction words="/addlow" separator=" " script="Enitysoft/addPriority.lua"/>
	<talkaction words="/removelow" separator=" " script="Enitysoft/removePriority.lua"/>
	<talkaction words="/tp" separator=" " script="Enitysoft/tpLocation.lua"/>
	<talkaction words="!time" script="Enitysoft/getTime.lua"/>
	<talkaction words="!equip" script="Enitysoft/reEquip.lua"/>
	<talkaction words="!raid" script="Enitysoft/raid.lua"/>
	<talkaction words="!spells" script="Enitysoft/spellbook.lua"/>
	<talkaction words="!potion" script="Enitysoft/amberPotion.lua"/>
	<talkaction words="!potions" script="Enitysoft/amberPotion.lua"/>
	<talkaction words="!p" script="Enitysoft/amberPotion.lua"/>
	<talkaction words="!voucher" script="Enitysoft/trainingVoucher.lua"/>
	<talkaction words="!v" script="Enitysoft/trainingVoucher.lua"/>
	<talkaction words="!deposit" script="Enitysoft/deposit.lua" />
	<talkaction words="/serverpvp" script="Enitysoft/serverPVP.lua"/>
</talkactions>
