<?xml version="1.0" encoding="UTF-8"?>
<weapons>
    <!-- Start weapons -->
	<melee id="7449" unproperly="1">
		<vocation name="Knight"/>
		<vocation name="Elite Knight" showInDescription="0"/>
	</melee>
	<melee id="3962" unproperly="1">
		<vocation name="Knight"/>
		<vocation name="Elite Knight" showInDescription="0"/>
	</melee>
	<melee id="7430" unproperly="1">
		<vocation name="Knight"/>
		<vocation name="Elite Knight" showInDescription="0"/>
	</melee>
	
	<!-- Giant weapons -->
	<melee id="2393" unproperly="1">
		<vocation name="Knight"/>
		<vocation name="Elite Knight" showInDescription="0"/>
	</melee>
	<melee id="7436" unproperly="1">
		<vocation name="Knight"/>
		<vocation name="Elite Knight" showInDescription="0"/>
	</melee>
	<melee id="7415" unproperly="1">
		<vocation name="Knight"/>
		<vocation name="Elite Knight" showInDescription="0"/>
	</melee>

		
	<!-- Ice giant weapons -->
	<melee id="7767" action="removecharge" />
	<melee id="7772" action="removecharge" />
	<melee id="7775" action="removecharge" />
		

	<!-- Basic weapons -->
	<melee id="11307" unproperly="1">
		<vocation name="Knight"/>
		<vocation name="Elite Knight" showInDescription="0"/>
	</melee>
	<melee id="7380" unproperly="1">
		<vocation name="Knight"/>
		<vocation name="Elite Knight" showInDescription="0"/>
	</melee>
	<melee id="7409" unproperly="1">
		<vocation name="Knight"/>
		<vocation name="Elite Knight" showInDescription="0"/>
	</melee>
	
	<!-- Hero weapons -->
	<melee id="12649" unproperly="1">
		<vocation name="Knight"/>
		<vocation name="Elite Knight" showInDescription="0"/>
	</melee>
	<melee id="7334" unproperly="1">
		<vocation name="Knight"/>
		<vocation name="Elite Knight" showInDescription="0"/>
	</melee>
	<melee id="7422" unproperly="1">
		<vocation name="Knight"/>
		<vocation name="Elite Knight" showInDescription="0"/>
	</melee>
	
	<!-- Warlord weapons -->
	<melee id="8931" unproperly="1">
		<vocation name="Knight"/>
		<vocation name="Elite Knight" showInDescription="0"/>
	</melee>
	<melee id="8925" unproperly="1">
		<vocation name="Knight"/>
		<vocation name="Elite Knight" showInDescription="0"/>
	</melee>
	<melee id="8929" unproperly="1">
		<vocation name="Knight"/>
		<vocation name="Elite Knight" showInDescription="0"/>
	</melee>
	
	<!-- distance weapons -->
	<distance id="2455" unproperly="1"> <!-- start Crossbow -->
		<vocation name="Paladin"/>
		<vocation name="Royal Paladin" showInDescription="0"/>
	</distance>
	<distance id="8849" unproperly="1"> <!-- basic Crossbow -->
		<vocation name="Paladin"/>
		<vocation name="Royal Paladin" showInDescription="0"/>
	</distance>
	<distance id="8852" unproperly="1"> <!-- hero crossbow -->
		<vocation name="Paladin"/>
		<vocation name="Royal Paladin" showInDescription="0"/>
	</distance>
	<distance id="8853" unproperly="1"> <!-- warlord crossbow -->
		<vocation name="Paladin"/>
		<vocation name="Royal Paladin" showInDescription="0"/>
	</distance>
<!-- 	<distance id="2399" unproperly="1">unproperly="1">  basic star 
		<vocation name="Paladin"/>
		<vocation name="Royal Paladin" showInDescription="0"/>
	</distance>
	<distance id="7366" unproperly="1"> unproperly="1">  hero star 
		<vocation name="Paladin"/>
		<vocation name="Royal Paladin" showInDescription="0"/>
	</distance>
	<distance id="7368" unproperly="1"> unproperly="1">  assassin star 
		<vocation name="Paladin"/>
		<vocation name="Royal Paladin" showInDescription="0"/>
	</distance> -->
	<distance id="2425" unproperly="1"> <!-- spear -->
		<vocation name="Paladin"/>
		<vocation name="Royal Paladin" showInDescription="0"/>
	</distance>
	<distance id="7367" unproperly="1"> <!-- amber spear -->
		<vocation name="Paladin"/>
		<vocation name="Royal Paladin" showInDescription="0"/>
	</distance>

	<!-- magic weapons -->
	<wand id="2433" min="35" max="75" mana="13" type="energy"> <!-- start mage staff -->
		<vocation name="Sorcerer"/>
		<vocation name="Master Sorcerer" showInDescription="0"/>
		<vocation name="Druid"/>
		<vocation name="Elder Druid" showInDescription="0"/>
	</wand>
	<wand id="2184" min="50" max="100" mana="17" type="energy"> <!-- basic mage staff -->
		<vocation name="Sorcerer"/>
		<vocation name="Master Sorcerer" showInDescription="0"/>
		<vocation name="Druid"/>
		<vocation name="Elder Druid" showInDescription="0"/>
	</wand>
	<wand id="12648" min="80" max="140" mana="21" type="energy"> <!-- hero mage staff -->
		<vocation name="Sorcerer"/>
		<vocation name="Master Sorcerer" showInDescription="0"/>
		<vocation name="Druid"/>
		<vocation name="Elder Druid" showInDescription="0"/>
	</wand>
	<wand id="12327" min="140" max="180" mana="25" type="energy"> <!-- warlord mage staff -->
		<vocation name="Sorcerer"/>
		<vocation name="Master Sorcerer" showInDescription="0"/>
		<vocation name="Druid"/>
		<vocation name="Elder Druid" showInDescription="0"/>
	</wand>

	<!-- Ammunition -->
	<distance id="1294" breakchance="3" /> <!-- small stone -->
	<distance id="2111" action="removecount" /> <!-- snowball -->
	<distance id="2410" breakchance="7" /> <!-- throwing knife -->
	<distance id="7378" breakchance="3" unproperly="1" level="25" />	<!-- royal spear -->
	<distance id="3965" breakchance="6" unproperly="1" level="20" />	<!-- hunting spear -->
	<distance id="7368" breakchance="40" unproperly="1" level="80" />	<!-- Assassin Star -->
	<distance id="2399" breakchance="25" /> <!-- basic star -->
	<distance id="7366" breakchance="30"/> <!-- hero start -->
	<distance id="2544" action="removecount" /> <!-- arrow -->
	<distance id="7363" action="removecount" unproperly="1" level="30" />	<!-- basic bolt Bolt -->
	<distance id="2547" action="removecount" unproperly="1" level="55" />	<!-- hero bolt -->
	<distance id="2545" action="removecount" script="poison_arrow.lua" /> <!-- poison arrow -->
	<distance id="2546" action="removecount" script="explosive_arrow.lua" /> <!-- burst arrow -->
	<distance id="7364" action="removecount" unproperly="1" level="20" />	<!-- Sniper Arrow -->
	<distance id="7365" action="removecount" unproperly="1" level="40" />	<!-- Onyx Arrow -->
	<distance id="7838" action="removecount" unproperly="1" level="20" />	<!-- Flash Arrow -->
	<distance id="7839" action="removecount" unproperly="1" level="20" />	<!-- Shiver Arrow -->
	<distance id="7840" action="removecount" unproperly="1" level="20" />	<!-- Flaming Arrow -->
	<distance id="7850" action="removecount" unproperly="1" level="20" />	<!-- Earth Arrow -->


</weapons>
