<?xml version="1.0" encoding="UTF-8"?>
<monster name="Scarabor" nameDescription="a scarabor" race="venom" experience="120" speed="170" manacost="395">
	<health now="1320" max="1320"/>
	<look type="83" corpse="6024"/>
	<targetchange interval="2000" chance=""/>
	<strategy attack="100" defense="0"/>
	<flags>
		<flag summonable="0"/>
		<flag attackable="1"/>
		<flag hostile="1"/>
		<flag illusionable="1"/>
		<flag convinceable="1"/>
		<flag pushable="0"/>
		<flag canpushitems="1"/>
		<flag canpushcreatures="1"/>
		<flag targetdistance="1"/>
		<flag staticattack="90"/>
		<flag runonhealth="80"/>
	</flags>
	<attacks>
		<attack name="melee" interval="2000" min="-20" max="-400"/>
		<attack name="poisonfield" interval="2000" chance="15" radius="1" target="0">
			<attribute key="areaEffect" value="poff"/>
		</attack>
		<attack name="poison" interval="2000" chance="12" range="3" target="1" min="-0" max="200">
			<attribute key="shootEffect" value="poison"/>
			<attribute key="areaEffect" value="poison"/>
		</attack>
	</attacks>
	<defenses armor="12" defense="15">
		<defense name="speed" interval="2000" chance="5" speedchange="250" duration="4000">
			<attribute key="areaEffect" value="redshimmer"/>
		</defense>
	</defenses>
	<elements>
		<element energyPercent="10"/>
		<element icePercent="20"/>
		<element physicalPercent="5"/>
		<element firePercent="-18"/>
	</elements>
	<immunities>
		<immunity paralyze="1"/>
		<immunity earth="1"/>
			<immunity invisible="1"/>
			
		<immunity energy="1"/>
		<immunity fire="1"/>
		<immunity poison="1"/>
	</immunities>
	<loot>
    <item id="2159" chance="1750" /><!-- scarab coin -->
    <item id="10557" chance="4350" /><!-- piece of scarab shell -->
    <item id="2148" countmax="52" chance="28050" /><!-- gold coin -->
    <item id="2666" countmax="2" chance="40925" /><!-- meat -->
    <item id="1987" chance="100000"><!-- bag -->
        <inside>
            <item id="2150" chance="850" /><!-- small amethyst -->
            <item id="2439" chance="725" /><!-- daramanian mace -->
            <item id="2149" chance="700" /><!-- small emerald -->
        </inside>
    </item>
</loot>



















</monster>
