<?xml version="1.0" encoding="UTF-8"?>
<monster name="The dead vision" nameDescription="the dead vision" race="undead" experience="20000000" speed="270" manacost="0">
	<health now="100000" max="100000"/>
	<look type="256" corpse="7256"/>
	<targetchange interval="5000" chance="8"/>
	<strategy attack="100" defense="0"/>
	<flags>
		<flag summonable="0"/>
		<flag attackable="1"/>
		<flag hostile="1"/>
		<flag illusionable="1"/>
		<flag convinceable="0"/>
		<flag pushable="0"/>
		<flag canpushitems="1"/>
		<flag canpushcreatures="0"/>
		<flag targetdistance="5"/>
		<flag staticattack="90"/>
		<flag runonhealth="0"/>
	</flags>
	<attacks>
		<attack name="melee" interval="2000" skill="60" attack="85"/>
		<attack name="energy" interval="2000" chance="25" range="7" min="-45" max="-650">
			<attribute key="shootEffect" value="energy"/>
		</attack>
		<attack name="fire" interval="2000" chance="20" range="7" min="-60" max="-120">
			<attribute key="shootEffect" value="fire"/>
		</attack>
		<attack name="physical" interval="2000" chance="20" range="7" min="-70" max="-590">
			<attribute key="shootEffect" value="suddendeath"/>
			<attribute key="areaEffect" value="mortarea"/>
		</attack>
		<attack name="poison" interval="2000" chance="25" range="7" min="-30" max="-300">
			<attribute key="shootEffect" value="poison"/>
		</attack>
		<attack name="lifedrain" interval="2000" chance="15" range="7" min="-75" max="-385">
			<attribute key="areaEffect" value="redshimmer"/>
		</attack>
		<attack name="manadrain" interval="2000" chance="30" range="7" min="-20" max="-440">
			<attribute key="areaEffect" value="redshimmer"/>
		</attack>
		<attack name="speed" interval="2000" chance="10" range="7" speedchange="-600" duration="20000">
			<attribute key="areaEffect" value="redshimmer"/>
		</attack>
	</attacks>
	<defenses armor="13" defense="26">
		<defense name="healing" interval="2000" chance="30" min="0" max="1">
			<attribute key="areaEffect" value="energy"/>
		</defense>
	</defenses>
	  <elements>
  <element icePercent="13"/>
  <element physicalPercent="9"/>
  <element holyPercent="-10"/>
  <element firePercent="-10"/>
  </elements>
	<immunities>
		<immunity earth="1"/>
		<immunity death="1"/>
		<immunity invisible="1"/>
	</immunities>
	<summons maxSummons="10">
		<summon name="Crypter" interval="2000" chance="30"/>
		<summon name="Mad skeleton" interval="2000" chance="30"/>
	</summons>
	<voices interval="5000" chance="10">
		<voice sentence="You have disturbed my thoughts!"/>
		<voice sentence="Let me turn you into something more useful!"/>
		<voice sentence="Let me taste your brain!"/>
		<voice sentence="You will be punished!"/>
	</voices>
	<loot>
		<item id="2160" countmax="65" chance1="100000" chancemax="0"/>
	</loot>
	<script>
			<event name="POI" />
	</script>
</monster>