<?xml version="1.0" encoding="UTF-8"?>
<monster name="Thornsteap" nameDescription="a thornstep" race="venom" experience="15000000" speed="330" manacost="0">
	<health now="70000" max="70000"/>
	<look type="79" corpse="6021"/>
	<targetchange interval="5000" chance="15"/>
	<strategy attack="100" defense="0"/>
	<flags>
		<flag summonable="0"/>
		<flag attackable="1"/>
		<flag hostile="1"/>
		<flag illusionable="0"/>
		<flag convinceable="0"/>
		<flag pushable="0"/>
		<flag canpushitems="1"/>
		<flag canpushcreatures="1"/>
		<flag targetdistance="1"/>
		<flag staticattack="90"/>
		<flag runonhealth="0"/>
	</flags>
	<attacks>
		<attack name="melee" interval="2000" skill="30" attack="145" poison="100"/>
		<attack name="poison" interval="2000" chance="14" range="7" min="-15" max="-1035">
			<attribute key="shootEffect" value="poison"/>
			<attribute key="areaEffect" value="poison"/>
		</attack>
		<attack name="speed" interval="2000" chance="13" range="7" speedchange="-700" duration="25000">
			<attribute key="areaEffect" value="redshimmer"/>
		</attack>
		<attack name="poisoncondition" interval="2000" chance="11" radius="5" target="0" min="-440" max="-1040">
			<attribute key="areaEffect" value="poison"/>
		</attack>
	</attacks>
	<defenses armor="25" defense="20">
		<defense name="speed" interval="2000" chance="8" speedchange="350" duration="9000">
			<attribute key="areaEffect" value="redshimmer"/>
		</defense>
	</defenses>
	<elements>
		<element energyPercent="20"/>
		<element physicalPercent="10"/>
		<element firePercent="-20"/>
		<element icePercent="-5"/>
	</elements>
	<immunities>
		<immunity paralyze="1"/>
		<immunity earth="1"/>
		<immunity invisible="1"/>
	</immunities>
	<summons maxSummons="5">
		<summon name="Scarabor" interval="1000" chance="25" max="8"/>
	</summons>
	<loot>
    <item id="2160" countmax="33" chance="32625" /><!-- gold coin -->
    <item id="2160" countmax="33" chance="32625" /><!-- gold coin -->
</loot>


















</monster>
