<?xml version="1.0" encoding="UTF-8"?>
<monster name="Tomb" nameDescription="a tomb" race="venom" experience="60000000" speed="0" manacost="0">
	<health now="50000" max="50000"/>
	<look typeex="1551"/>
	<targetchange interval="5000" chance="15"/>
	<strategy attack="100" defense="0"/>
	<flags>
		<flag summonable="0"/>
		<flag attackable="1"/>
		<flag hostile="1"/>
		<flag illusionable="0"/>
		<flag convinceable="0"/>
		<flag pushable="0"/>
		<flag canpushitems="1"/>
		<flag canpushcreatures="1"/>
		<flag targetdistance="1"/>
		<flag staticattack="90"/>
		<flag runonhealth="0"/>
	</flags>
	<defenses armor="95" defense="95">
	</defenses>
	<immunities>
		<immunity physical="0"/>
		<immunity energy="1"/>
		<immunity fire="1"/>
		<immunity poison="1"/>
		<immunity ice="1"/>
		<immunity holy="1"/>
		<immunity death="1"/>
		<immunity lifedrain="1"/>
		<immunity manadrain="1"/>
		<immunity paralyze="1"/>
		<immunity drunk="1"/>
		<immunity outfit="1"/>
		<immunity invisible="1"/>
	</immunities>
	<summons maxSummons="32">
		<summon name="Crypter" interval="1000" chance="35" max="4"/>
		<summon name="Mad skeleton" interval="1000" chance="35" max="4"/>
		<summon name="Devil" interval="1000" chance="35" max="20"/>
	</summons>
	<script>
			<event name="POI" />
	</script>
</monster>
