<?xml version="1.0" encoding="UTF-8"?>
<monster name="Sahuan" nameDescription="a sahuan" race="undead" experience="70000000" speed="410" manacost="0">
	<health now="225000" max="225000"/>
	<look type="231" corpse="6307"/>
	<targetchange interval="1000" chance="10"/>
	<strategy attack="100" defense="0"/>
	<flags>
		<flag summonable="0"/>
		<flag attackable="1"/>
		<flag hostile="1"/>
		<flag illusionable="0"/>
		<flag convinceable="0"/>
		<flag pushable="1"/>
		<flag canpushitems="1"/>
		<flag canpushcreatures="1"/>
		<flag targetdistance="1"/>
		<flag runonhealth="0"/>
	</flags>
	<attacks>
	<attack name="melee" interval="2000" skill="105" attack="105"/>
		<attack name="melee" interval="2000" chance="20" range="7" radius="4" target="1" min="-300" max="-825">
			<attribute key="shootEffect" value="fire"/>
			<attribute key="areaEffect" value="redspark"/>
		</attack>
		<attack name="physical" interval="3000" chance="1" range="7" min="-10000" max="-10000">
			<attribute key="shootEffect" value="suddendeath"/>
			<attribute key="areaEffect" value="mortarea"/>
		</attack>
		<attack name="poison" interval="2000" chance="20" range="7" radius="4" target="1" min="-120" max="-800">
			<attribute key="shootEffect" value="poison"/>
			<attribute key="areaEffect" value="poison"/>
		</attack>
		<attack name="poison" interval="1000" chance="23" range="7" min="-400" max="-680">
			<attribute key="shootEffect" value="poison"/>
			<attribute key="areaEffect" value="poison"/>
		</attack>
		<attack name="fire" interval="4000" chance="20" length="8" spread="3" min="-500" max="-1000">
			<attribute key="areaEffect" value="firearea"/>
		</attack>
		<attack name="poison" interval="2000" chance="20" length="8" spread="3" min="-500" max="-1100">
			<attribute key="areaEffect" value="poison"/>
		</attack>
		<attack name="lifedrain" interval="3000" chance="20" length="8" spread="3" min="-500" max="-1000">
			<attribute key="areaEffect" value="greenshimmer"/>
		</attack>
		<attack name="drowncondition" interval="1000" chance="20" length="8" spread="3">
			<attribute key="areaEffect" value="poff"/>
		</attack>
	</attacks>
	<defenses armor="40" defense="39"/>
	<elements>
	    <element physicalPercent="65"/>
		<element earthPercent="100"/>
	</elements>
	<immunities>
		   <immunity fire="1"/>
		<immunity paralyze="1"/>
		<immunity invisible="1"/>
	</immunities>
	<voices interval="2000" chance="5">
		<voice sentence="DEATH CAN'T STOP MY HUNGER!" yell="1"/>
	</voices>
	<loot>
		<item id="2160" countmax="80" chance="100000"/><!-- crystal coin -->
		<item id="11233" chance="20000"/><!-- harded bone -->
		<item id="6546" chance="100000"/><!-- dracola's eye -->
	</loot>
</monster>
