<?xml version="1.0" encoding="UTF-8"?>
<spells>

<instant group="healing" name="Cure Poison" words="exana pox" lvl="10" mana="30" aggressive="0" selftarget="1" exhaustion="1000" needlearn="0" script="healing/antidote.lua">
		<vocation name="Sorcerer"/>
		<vocation name="Druid"/>
		<vocation name="Paladin"/>
		<vocation name="Knight"/>
		<vocation name="Master Sorcerer"/>
		<vocation name="Elder Druid"/>
		<vocation name="Royal Paladin"/>
		<vocation name="Elite Knight"/>
	</instant>
		<instant group="support" name="Find Person" words="exiva" lvl="8" mana="20" aggressive="0" playernameparam="1" params="1" exhaustion="2000" needlearn="0" function="searchPlayer">
		<vocation name="Sorcerer"/>
		<vocation name="Druid"/>
		<vocation name="Paladin"/>
		<vocation name="Knight"/>
		<vocation name="Master Sorcerer"/>
		<vocation name="Elder Druid"/>
		<vocation name="Royal Paladin"/>
		<vocation name="Elite Knight"/>
	</instant>
	
	<instant group="healing" name="Light Healing" words="exura" lvl="8" mana="20" aggressive="0" selftarget="1" exhaustion="1000" needlearn="0" script="healing/light healing.lua">
		<vocation name="Sorcerer"/>
		<vocation name="Druid"/>
		<vocation name="Paladin"/>
		<vocation name="Master Sorcerer"/>
		<vocation name="Elder Druid"/>
		<vocation name="Royal Paladin"/>
	</instant>
	
		<instant group="healing" name="Heal Friend" words="exura sio" lvl="18" mana="140" aggressive="1" blockwalls="1" needtarget="1" playernameparam="1" params="1" exhaustion="1000" needlearn="0" script="healing/heal friend.lua">
		<vocation name="Druid"/>
		<vocation name="Elder Druid"/>
	</instant>
	
		<instant group="healing" name="Mass Healing" words="exura gran mas res" lvl="36" mana="150" aggressive="1" exhaustion="1000" needlearn="0" script="healing/mass healing.lua">
		<vocation name="Druid"/>
		<vocation name="Elder Druid"/>
	</instant>
	
		<instant group="support" name="Light" words="utevo lux" lvl="26" mana="20" aggressive="0" selftarget="1" exhaustion="1000" needlearn="0" script="support/ultimate light.lua">
		<vocation name="Sorcerer"/>
		<vocation name="Druid"/>
		<vocation name="Master Sorcerer"/>
		<vocation name="Elder Druid"/>
			<vocation name="Knight"/>
		<vocation name="Elite Knight"/>
			<vocation name="Paladin"/>
		<vocation name="Royal Paladin"/>
	</instant>
	
		<instant group="support" name="Levitate" words="exani hur" lvl="12" mana="50" aggressive="0" exhaustion="1000" params="1" needlearn="0" function="Levitate">
		<vocation name="Sorcerer"/>
		<vocation name="Druid"/>
		<vocation name="Paladin"/>
		<vocation name="Knight"/>
		<vocation name="Master Sorcerer"/>
		<vocation name="Elder Druid"/>
		<vocation name="Royal Paladin"/>
		<vocation name="Elite Knight"/>
	</instant>	
	<instant group="support" name="Haste" words="utani hur" lvl="14" mana="60" aggressive="0" selftarget="1" exhaustion="1000" needlearn="0" script="support/haste.lua">
		<vocation name="Sorcerer"/>
		<vocation name="Druid"/>
		<vocation name="Paladin"/>
		<vocation name="Knight"/>
		<vocation name="Master Sorcerer"/>
		<vocation name="Elder Druid"/>
		<vocation name="Royal Paladin"/>
		<vocation name="Elite Knight"/>
	</instant>
	
		<instant group="support" name="Strong Haste" words="utani gran hur" lvl="20" mana="100" aggressive="0" selftarget="1" exhaustion="1000" needlearn="0" script="support/strong haste.lua">
		<vocation name="Sorcerer"/>
		<vocation name="Druid"/>
		<vocation name="Master Sorcerer"/>
		<vocation name="Elder Druid"/>
	</instant>
	
	
		<instant group="support" name="Challenge" words="exeta res" lvl="20" mana="30" aggressive="0" exhaustion="2000" needlearn="0" script="support/challenge.lua">
		<vocation name="Knight"/>
		<vocation name="Elite Knight"/>
	</instant>
	
	<instant group="support" name="Charge" words="utani tempo hur" lvl="25" mana="100" aggressive="0" selftarget="1" exhaustion="1000" needlearn="0" script="support/charge.lua">
		<vocation name="Knight"/>
		<vocation name="Elite Knight"/>
	</instant>
	<instant group="support" name="Protector" words="utamo tempo" lvl="55" mana="200"  aggressive="0" selftarget="1" exhaustion="1000" needlearn="0" script="support/protector.lua">
		<vocation name="Knight"/>
		<vocation name="Elite Knight"/>
	</instant>
	<instant group="support" name="Blood Rage" words="utito tempo" lvl="60" mana="290" aggressive="0" selftarget="1" exhaustion="1000" needlearn="0" script="support/blood rage.lua">
		<vocation name="Knight"/>
		<vocation name="Elite Knight"/>
	</instant>
	
	<instant group="healing" name="Wound Cleansing" words="exana mort" lvl="10" mana="65" selftarget="1" aggressive="0" exhaustion="1000" needlearn="0" script="healing/wound cleansing.lua">
		<vocation name="Knight"/>
		<vocation name="Elite Knight"/>
	</instant>

		<instant group="attack" name="Berserk" words="exori" lvl="35" mana="115" needweapon="1" exhaustion="2000" needlearn="0" script="attack/berserk.lua">
		<vocation name="Knight"/>
		<vocation name="Elite Knight"/>
	</instant>	
	<instant group="attack" name="Whirlwind Throw" words="exori hur" lvl="28" mana="40" range="5" needtarget="1" blockwalls="1" needweapon="1" exhaustion="2000" needlearn="0" script="attack/whirlwind throw.lua">
		<vocation name="Knight"/>
		<vocation name="Elite Knight"/>
	</instant>
		<instant group="attack" name="Groundshaker" words="exori mas" lvl="33" mana="160" needweapon="1" exhaustion="2000" needlearn="0" script="attack/groundshaker.lua">
		<vocation name="Knight"/>
		<vocation name="Elite Knight"/>
	</instant>	
		<instant group="attack" name="Fierce Berserk" words="exori gran" lvl="90" mana="340" needweapon="1" exhaustion="2000" needlearn="0" script="attack/fierce berserk.lua">
		<vocation name="Knight"/>
		<vocation name="Elite Knight"/>
	</instant>
	
	

		<instant group="healing" name="Intense Healing" words="exura gran" lvl="20" mana="70" aggressive="0" selftarget="1" exhaustion="1000" needlearn="0" script="healing/intense healing.lua">
		<vocation name="Sorcerer"/>
		<vocation name="Druid"/>
		<vocation name="Paladin"/>
		<vocation name="Master Sorcerer"/>
		<vocation name="Elder Druid"/>
		<vocation name="Royal Paladin"/>
	</instant>
		<instant group="healing" name="Ultimate Healing" words="exura vita" lvl="30" mana="160" aggressive="0" selftarget="1" exhaustion="1000" needlearn="0" script="healing/ultimate healing.lua">
		<vocation name="Sorcerer"/>
		<vocation name="Druid"/>
		<vocation name="Master Sorcerer"/>
		<vocation name="Elder Druid"/>
				<vocation name="Paladin"/>
		<vocation name="Royal Paladin"/>
	</instant>
		<instant group="healing" name="Divine Healing" words="exura san" lvl="35" mana="160" selftarget="1" aggressive="0" exhaustion="1000" needlearn="0" script="healing/divine healing.lua">
		<vocation name="Paladin"/>
		<vocation name="Royal Paladin"/>
	</instant>
	
	
		<instant group="attack" name="Ethereal Spear" words="exori con" lvl="23" mana="25" range="7" needtarget="1" exhaustion="2000" blockwalls="1" needlearn="0" script="attack/ethereal spear.lua">
		<vocation name="Paladin"/>
		<vocation name="Royal Paladin"/>
	</instant>
	
		<instant group="attack" name="Divine Missile" words="exori san" lvl="40" mana="20" range="4" casterTargetOrDirection="1" needlearn="0" blockwalls="1" exhaustion="2000" script="attack/divine missile.lua">
		<vocation name="Paladin"/>
		<vocation name="Royal Paladin"/>
	</instant>
	
		<instant group="attack" name="Divine Caldera" words="exevo mas san" lvl="50" mana="160" selftarget="1" exhaustion="2000" needlearn="0" script="attack/divine caldera.lua">
		<vocation name="Paladin"/>
		<vocation name="Royal Paladin"/>
	</instant>
	
		<instant group="support" name="Magic Shield" words="utamo vita" lvl="14" mana="50" aggressive="0" selftarget="1" exhaustion="1000" needlearn="0" script="support/magic shield.lua">
			<vocation name="Sorcerer"/>
		<vocation name="Druid"/>
		<vocation name="Paladin"/>
		<vocation name="Master Sorcerer"/>
		<vocation name="Elder Druid"/>
		<vocation name="Royal Paladin"/>
	</instant>
	
		<instant group="support" name="Sharpshooter" words="utito tempo san" lvl="60" mana="450" aggressive="0" selftarget="1" exhaustion="1000" needlearn="0" script="support/sharpshooter.lua">
		<vocation name="Paladin"/>
		<vocation name="Royal Paladin"/>
	</instant>
	
		<instant group="support" name="Swift Foot" words="utamo tempo san" lvl="55" mana="400" aggressive="0" selftarget="1" exhaustion="1000" needlearn="0" script="support/swift foot.lua">
		<vocation name="Paladin"/>
		<vocation name="Royal Paladin"/>
	</instant>
	
	
	
	
		<instant group="support" name="Summon Creature" words="utevo res" lvl="25" params="1" exhaustion="1000" needlearn="0" function="summonMonster">
		<vocation name="Sorcerer"/>
		<vocation name="Druid"/>
		<vocation name="Master Sorcerer"/>
		<vocation name="Elder Druid"/>
	</instant>
	
	
		<instant group="attack" name="Death Strike" words="exori mort" lvl="16" mana="20" range="3" casterTargetOrDirection="1" blockwalls="1" exhaustion="2000" needlearn="0" script="attack/death strike.lua">
		<vocation name="Sorcerer"/>
		<vocation name="Master Sorcerer"/>
		<vocation name="Druid"/>
		<vocation name="Elder Druid"/>
	</instant>

	<instant group="attack" name="Energy Strike" words="exori vis" lvl="12" mana="20" range="3" casterTargetOrDirection="1" blockwalls="1" exhaustion="2000" needlearn="0" script="attack/energy strike.lua">
		<vocation name="Sorcerer"/>
		<vocation name="Druid"/>
		<vocation name="Master Sorcerer"/>
		<vocation name="Elder Druid"/>
	</instant>
	
		<instant group="attack" name="Energy Beam" words="exevo vis lux" lvl="23" mana="40" direction="1" exhaustion="2000" needlearn="0" script="attack/energy beam.lua">
		<vocation name="Sorcerer"/>
		<vocation name="Master Sorcerer"/>
	</instant>

	<instant group="attack" name="Energy Wave" words="exevo vis hur" lvl="38" mana="170" direction="1" exhaustion="2000" needlearn="0" script="attack/energy wave.lua">
		<vocation name="Sorcerer"/>
		<vocation name="Master Sorcerer"/>
	</instant>
	
		<instant group="attack" name="Great Energy Beam" words="exevo gran vis lux" lvl="29" mana="110" direction="1" exhaustion="2000" needlearn="0" script="attack/great energy beam.lua">
		<vocation name="Sorcerer"/>
		<vocation name="Master Sorcerer"/>
	</instant>
	
		<instant group="attack" name="Flame Strike" words="exori flam" lvl="14" mana="20" range="3" casterTargetOrDirection="1" blockwalls="1" exhaustion="2000" needlearn="0" script="attack/flame strike.lua">
		<vocation name="Sorcerer"/>
		<vocation name="Druid"/>
		<vocation name="Master Sorcerer"/>
		<vocation name="Elder Druid"/>
	</instant>

	<instant group="attack" name="Fire Wave" words="exevo flam hur" lvl="18" mana="25" direction="1" exhaustion="2000" needlearn="0" script="attack/fire wave.lua">
		<vocation name="Sorcerer"/>
		<vocation name="Master Sorcerer"/>
	</instant>
	
		<instant group="attack" name="Ice Strike" words="exori frigo" lvl="15" mana="20" range="3" casterTargetOrDirection="1" blockwalls="1" exhaustion="2000" needlearn="0" script="attack/ice strike.lua">
		<vocation name="Sorcerer"/>
		<vocation name="Master Sorcerer"/>
		<vocation name="Druid"/>
		<vocation name="Elder Druid"/>
	</instant>
	
		<instant group="attack" name="Ice Wave" words="exevo frigo hur" lvl="18" mana="25" direction="1" exhaustion="2000" needlearn="0" script="attack/ice wave.lua">
		<vocation name="Druid"/>
		<vocation name="Elder Druid"/>
	</instant>

		<instant group="attack" name="Eternal Winter" words="exevo gran mas frigo" lvl="60" mana="1050"  selftarget="1" exhaustion="2000" needlearn="0" script="attack/eternal winter.lua">
		<vocation name="Druid"/>
		<vocation name="Elder Druid"/>
	</instant>
	
		<instant group="attack" name="Terra Strike" words="exori tera" lvl="13" mana="20" range="3" casterTargetOrDirection="1" blockwalls="1" exhaustion="2000" needlearn="0" script="attack/terra strike.lua">
		<vocation name="Sorcerer"/>
		<vocation name="Master Sorcerer"/>
		<vocation name="Druid"/>
		<vocation name="Elder Druid"/>
	</instant>
		<instant group="attack" name="Terra Wave" words="exevo tera hur" lvl="38" mana="210" direction="1" exhaustion="2000" needlearn="0" script="attack/terra wave.lua">
		<vocation name="Druid"/>
		<vocation name="Elder Druid"/>
	</instant>
	
		<instant group="attack" name="Wrath of Nature" words="exevo gran mas tera" lvl="55" mana="700" selftarget="1" exhaustion="2000" needlearn="0" script="attack/wrath of nature.lua">
		<vocation name="Druid"/>
		<vocation name="Elder Druid"/>
	</instant>
	
		<instant group="attack" name="Rage of the Skies" words="exevo gran mas vis" lvl="55" mana="600" selftarget="1" exhaustion="2000" needlearn="0" script="attack/rage of the skies.lua">
		<vocation name="Sorcerer"/>
		<vocation name="Master Sorcerer"/>
	</instant>

		<instant group="attack" name="Hell's Core" words="exevo gran mas flam" lvl="60" mana="1100" exhaustion="2000" selftarget="1" needlearn="0" script="attack/hells core.lua">
		<vocation name="Sorcerer"/>
		<vocation name="Master Sorcerer"/>
	</instant>


	<!-- Attack Runes -->
	<rune group="attack" name="Firebomb" id="2305" allowfaruse="1" charges="2" lvl="27" maglv="5" exhaustion="2000" blocktype="solid" script="attack/fire bomb.lua"/>
	<rune group="attack" name="Soulfire" id="2308" allowfaruse="1" charges="3" lvl="27" maglv="7" exhaustion="2000" needtarget="1" blocktype="solid" script="attack/soul fire.lua"/>
	<rune group="attack" name="Sudden Death" id="2268" allowfaruse="1" charges="3" lvl="45" maglv="15" exhaustion="2000" needtarget="1" blocktype="solid" script="attack/sudden death.lua"/>
	<rune group="attack" name="Avalanche" id="2274" allowfaruse="1" charges="4" lvl="30" maglv="4" exhaustion="2000" script="attack/avalanche.lua"/>
	<rune group="attack" name="Magic Wall" id="2293" allowfaruse="1" charges="3" lvl="32" maglv="6" exhaustion="2000" blocktype="all" script="support/magic wall rune.lua"/>
	
<!-- 	Enitysoft -->	
	<rune group="attack" name="Instant Death" id="2300" allowfaruse="1" charges="3" lvl="45" maglv="15" exhaustion="2000" needtarget="1" blocktype="solid" script="attack/Enitysoft/instant death.lua">
		<vocation name="Sorcerer"/>
		<vocation name="Master Sorcerer" showInDescription="0"/>
	</rune>
<!------------------>
<!-- Healing Runes -->
	<rune group="healing" name="Ultimate Healing Rune" id="2273" allowfaruse="1" charges="1" lvl="24" maglv="4" exhaustion="2000" aggressive="1" needtarget="1" blocktype="solid" script="healing/ultimate healing rune.lua"/>

	<!-- Support Runes -->
	<rune group="support" name="Desintegrate" id="2310" allowfaruse="0" charges="3" lvl="21" maglv="4" exhaustion="2000" range="1" script="support/desintegrate rune.lua"/>
	<rune group="support" name="Destroy Field" id="2261" allowfaruse="1" charges="3" lvl="17" maglv="3" exhaustion="2000" aggressive="0" range="5" script="support/destroy field rune.lua"/>
	<rune group="support" name="Wild Growth" id="2269" allowfaruse="1" charges="2" lvl="27" maglv="8" exhaustion="2000" blocktype="all" script="support/wild growth rune.lua">
		<vocation name="Druid"/>
		<vocation name="Elder Druid" showInDescription="0"/>
	</rune>
	<rune group="support" name="Paralyze" id="2278" allowfaruse="1" charges="1" lvl="54" maglv="18" exhaustion="2000" mana="1400" needtarget="1" blocktype="solid" script="support/paralyze rune.lua">
		<vocation name="Druid"/>
		<vocation name="Elder Druid" showInDescription="0"/>
	</rune>
	


	<!-- House Spells -->
	<instant name="House Guest List" words="aleta sio" selftarget="1" aggressive="0" function="editHouseGuest"/>
	<instant name="House Subowner List" words="aleta som" selftarget="1" aggressive="0" function="editHouseSubOwner"/>
	<instant name="House Door List" words="aleta grav" selftarget="1" aggressive="0" function="editHouseDoor"/>
	<instant name="House Kick" words="alana sio" params="1" aggressive="0" function="houseKick"/>

</spells>
